"holistic_essay_score","Formality","Narrativity","SentenceStructure","SentenceLength","SentenceComplexity","Cohesion","Dialogue","Organization","GrammarUsage","Concreteness","Conventionality","Mechanics","Interactivity","Contextualization","StanceTaking","VocabularyLength","VocabularyFrequency","lt_final_scr","logdta","logdtu"
0.849102385387789,-0.371088913774538,-0.133244531912243,0.63749974918467,-0.0285879472734772,1.53602991184424,1.0992257321927,-0.287213018777119,0.508514091763538,0.590101004889504,0.256374450680911,1.18036638729237,1.26337094560433,0.288223545681405,-0.0899658254940112,-0.939893257620622,-0.823471849613769,0.396608935991812,0.653314815434786,0.213044133751159,0.350628178367551
0.849102385387789,0.283326664630957,0.538545620294259,-0.871392538969704,-0.447840589604401,-1.02738999910697,0.32960123855888,0.839560641743954,0.495942727771235,-0.960863931478345,0.230885852281558,-0.0793615330753919,-0.376937748837959,-0.270300639283114,-0.113014441673092,-0.052522079645571,0.108099968298497,0.0501445416548438,-1.10680883048713,-0.860988216335649,0.94161610695369
-1.84804636819695,-2.143182963904,1.14782123365239,0.0845326125741262,0.736082577796622,-0.257455450535832,1.9047117417461,0.578159465513285,-1.52498731553833,-2.01533898358493,0.644498704242325,-1.56499533807863,-0.939617533891594,1.88591898216204,0.97131694954835,0.926365351833092,-1.30599542501922,2.42457678820896,1.15074106319533,-0.587594338169201,-0.482322524165248
