-2.453019434796643424e-07,3.647833528751115447e-08,7.896299291615197500e-05,1.521849606816156411e-07,-7.237355449785033535e-06,-1.020450528555475988e-05,-1.307597162707778413e-07,-2.540137153350240754e-08,2.774127733731991429e-06,-2.620710910594326529e-07,5.507121643200605374e-06,-5.172683915434837738e-07,-1.142516964425764699e-06,-4.622187974616702006e-06,-1.203301911999029103e-05,-2.271237747259665184e-07,2.838101203445364212e-06,1.154844398386918565e-05,-3.898639880386504168e-07
2.133913902406606686e-08,-1.580850525711305840e-06,-5.147375018663626241e-04,-1.632300075988324798e-06,4.406167217013103510e-05,6.240332738789213798e-05,2.238278133190335774e-07,1.627052927246402603e-07,-1.820951088169551387e-05,-1.912612302535953332e-07,-3.520789523192881378e-05,-5.140518581069845400e-07,3.305460550157445416e-06,3.156016977826442090e-05,7.960330136247478685e-05,2.056489100497355596e-07,-2.025003541269365244e-05,-7.527193462801021683e-05,7.782375270396248780e-08
9.726574315014953334e-08,9.145943007273745816e-07,1.797467579118167450e-04,6.784279866485817245e-07,-1.437460715426094278e-05,-2.074208546695468280e-05,4.693130740229266066e-08,6.275404404438229779e-08,6.564307351583186493e-06,-1.003806564603039353e-07,1.224271349070990438e-05,4.467701922739326700e-08,-1.087772594942581326e-06,-1.112169290254712447e-05,-2.798010427184309925e-05,1.334964157173575132e-07,7.278588792613098615e-06,2.637537567638177489e-05,1.750054633173855050e-07
1.040855318478196183e-08,-5.791193235717329552e-09,-1.652326446252431921e-05,-1.378334204216872024e-07,7.299017958165170411e-07,1.408700347136332543e-06,1.663472002313549378e-07,-9.647118183581290948e-08,-5.934273321613253101e-07,-5.222685171995935445e-08,-1.022151369208705127e-06,1.274966797902318644e-07,3.149785637884491780e-08,9.137162987299550705e-07,2.504039771032194489e-06,-1.992448347073313368e-09,-6.055136705265263728e-07,-2.430485530838478429e-06,1.589077290320884392e-08
3.934813034599495068e-08,-3.210537717354612916e-07,-1.098813888619577849e-04,-3.301913680254671639e-07,8.793852502713369094e-06,1.264357528219975861e-05,1.242325836317731234e-07,3.014642735494877476e-09,-3.826894601798085400e-06,6.468338031113352981e-09,-7.582725668548072444e-06,5.324900324766700105e-08,6.513810483241884040e-07,6.556748494709515655e-06,1.690411321264873124e-05,4.220902153116960928e-09,-4.224463844267315642e-06,-1.620512643331009509e-05,1.304083470122728459e-07
-1.106868558715888895e-07,-7.065088294775833067e-08,1.452219415010518859e-05,-1.810595008704782848e-10,-9.256043036009402515e-07,-1.326537685405642740e-06,-8.296264433310783512e-08,-8.593930240179292381e-09,4.466125364234079356e-07,-2.121818982467049246e-08,1.021816068920825139e-06,-2.839301038016331775e-07,-2.524504253835296038e-07,-9.417867051871343304e-07,-2.197858769916643382e-06,-2.286179753349039413e-07,5.358949763126822267e-07,2.092659935636646403e-06,-1.467682425784928101e-07
1.367100375373509683e-08,1.155559774957145093e-06,2.176152792827984082e-04,8.855213217929866124e-07,-1.765917493361933934e-05,-2.533400209853449623e-05,-1.675611051651328957e-07,-9.531625071655164930e-08,7.813891876077063502e-06,5.733444653390614072e-08,1.504921170990504524e-05,-5.532597968253314538e-08,-1.449012803466267265e-06,-1.373071608115831203e-05,-3.367988592159082168e-05,-4.089129978425224630e-08,8.801126882734595466e-06,3.183650162597448716e-05,1.420016475691104191e-07
-1.727683768064569884e-07,-2.798768383757245732e-06,-6.857261975308566893e-04,-2.130880952820434570e-06,5.747522159254102309e-05,8.190846132996640447e-05,2.925859174531850337e-07,-2.148388472646037652e-08,-2.460842605954582414e-05,-7.925030207832842739e-08,-4.700785462810718048e-05,-3.502560132132766532e-07,4.142183669617441139e-06,4.197140434454850705e-05,1.061829124646996718e-04,1.460510886263787372e-08,-2.709943928537012650e-05,-1.004778911347242607e-04,-2.032941861183616645e-07
-1.286855621816182281e-07,2.345907278314566219e-06,7.201757120789022268e-04,2.026793525609490532e-06,-5.982202174837583669e-05,-8.554034222960850051e-05,-3.519622848636316794e-07,-1.410076188110404048e-07,2.541781832624106702e-05,-2.385390350144533573e-07,4.960323512035483230e-05,-5.145040322666776391e-08,-4.688833363020011903e-06,-4.389036384824507298e-05,-1.115328308751885181e-04,-3.274390738063089645e-08,2.814851795474998124e-05,1.058884107504978641e-04,-1.085172381804861721e-07
-1.349460403340506177e-09,-4.876549590035806118e-07,-4.962527601928767379e-05,-8.895007782350464886e-08,3.903717287215093982e-06,5.638539003298431327e-06,-4.558361186513898936e-08,3.844598559236903485e-08,-1.742051348199093961e-06,3.714465929029322577e-08,-3.492789894064150269e-06,1.460965751951243706e-07,4.404853223624737407e-07,3.295710494323272885e-06,7.815816476931852959e-06,1.028291249853067484e-07,-2.164224415862164464e-06,-7.216384138846793143e-06,7.496016826520437946e-08
1.667563009014838159e-07,2.513440807904395979e-06,5.947586392575241127e-04,2.080249424198831810e-06,-4.981916566523149760e-05,-7.123071160919036368e-05,-2.587266251614638829e-07,6.076324617518089764e-08,2.145697541913710966e-05,2.121340571173402489e-07,4.073640819647502521e-05,1.943564291709428603e-07,-3.760535484429531896e-06,-3.642551497836472515e-05,-9.214516677790982101e-05,-1.775896922895082233e-08,2.358192706827936909e-05,8.716239065981468148e-05,7.427140514927247455e-08
-3.580061328975288152e-08,-1.169668698643309406e-06,-2.783512891547016799e-04,-9.587590553596201762e-07,2.294203425807867864e-05,3.310088312574302390e-05,2.057787400439713752e-07,-1.285792068174844467e-08,-9.833713070085248520e-06,-1.750390052287341285e-07,-1.905040770297815783e-05,-1.260684051574138481e-07,1.588366922602405153e-06,1.695006439086118552e-05,4.299081490067990780e-05,2.490285041124575536e-08,-1.101189364146390860e-05,-4.089886158400005448e-05,9.797871326056411434e-08
1.681889973502289998e-07,7.989864527695979135e-08,-4.005746689336574527e-05,-1.749861905663297262e-07,4.040733366127242381e-06,5.725329506177356990e-06,8.294924474506439022e-08,5.299319701321916680e-09,-1.451916362908406287e-06,-4.815660018180303301e-08,-2.797979711362561788e-06,5.180172344747989328e-08,5.080685323255924153e-07,2.247757262571819739e-06,6.030119407713557357e-06,-1.233860776337737998e-07,-1.321396022419164560e-06,-5.901917050577491814e-06,1.423023487116127519e-07
1.553680244888117021e-07,2.081167789299911517e-06,4.966264747571656670e-04,1.709760005445960938e-06,-4.137237381454147148e-05,-5.914191316956795186e-05,-2.568939895142964725e-07,1.024341866860832165e-07,1.799670558260347468e-05,2.466019621417213388e-07,3.410269824992428355e-05,3.751922496125086541e-07,-3.176718742771032092e-06,-3.036205491419937964e-05,-7.684098397954464350e-05,3.550331515096186618e-08,1.967575635143471033e-05,7.277103257415551592e-05,2.760954652311909769e-07
-3.771194772436498082e-07,-2.593418676738233265e-06,-6.863099328392029824e-04,-2.106173952880197472e-06,5.753576085073754023e-05,8.238102905305627578e-05,2.409601594492735836e-07,-1.694588314399875368e-07,-2.482190227401900984e-05,-3.985333133703029090e-07,-4.692788994252616608e-05,-7.867447767566877014e-07,4.133075269444648509e-06,4.121837859830734466e-05,1.061002381961707858e-04,-3.338766804884186756e-07,-2.681757790601159652e-05,-1.010587383676561136e-04,-3.554181671101473806e-07
2.741868393241462909e-07,9.503037280354905779e-07,2.427307855001502508e-04,8.847246790655593209e-07,-2.032525658411538376e-05,-2.912253775251660200e-05,-1.660192968926895196e-07,-3.860064246035418901e-08,8.819318277710207175e-06,1.381042372011435275e-07,1.671388993411077273e-05,2.651339580542750160e-07,-1.454176859740764409e-06,-1.477154176749558748e-05,-3.758678443797525853e-05,-2.903071494379658677e-08,9.592576104033985498e-06,3.571149650580935069e-05,2.139327804887578199e-07
-6.602329332438987947e-09,-1.265826259658453643e-06,-2.986645999883598564e-04,-9.336032752704774894e-07,2.562961601126561255e-05,3.651085774508533438e-05,1.407071093431643497e-07,-1.848287641192617537e-08,-1.069108714060155978e-05,-1.883997145669898402e-07,-2.030519027350729372e-05,-2.636173419650367767e-07,1.850149524248276528e-06,1.818401283906533205e-05,4.612455913140518473e-05,-1.356392371807966388e-08,-1.184864403992287260e-05,-4.380423613922688851e-05,-7.197261566735594935e-08
-3.386800845106301590e-07,-5.182834248228626362e-07,-1.275601270374731027e-04,-2.371516554007554253e-07,1.290138708640431233e-05,1.781668795053881094e-05,-2.073591937227944520e-07,1.483469425853823254e-07,-5.117825327376332945e-06,-1.454071394127353069e-07,-8.574457742536208325e-06,-6.125754303644648198e-07,8.035055023154540901e-07,7.845080389304906850e-06,1.963104599484818104e-05,9.584473026568654378e-08,-5.117329262392921393e-06,-1.867130785240451961e-05,-1.464093164798415168e-08
5.933411585813264506e-07,-1.510781335612152145e-06,-4.896650564153636137e-04,-1.013594020686704258e-06,3.926041001953649144e-05,5.650871165980874192e-05,5.088841737460955098e-07,1.301232610138787742e-08,-1.654620659328681696e-05,5.253988640850429432e-07,-3.410611175009795336e-05,7.227928756957721087e-07,3.951744592505242212e-06,3.012918184607329364e-05,7.596993147579809557e-05,1.242476849360759429e-07,-1.913642319543662159e-05,-7.216488543746356549e-05,4.131141255388571414e-08
-3.519173489672819853e-07,1.501502406260975283e-06,5.586823941443489015e-04,1.530972624626589704e-06,-4.475902104587962125e-05,-6.481400688965085729e-05,-2.481478520118682539e-07,1.524185596219299958e-07,1.924369395866156024e-05,-4.755762067361620809e-07,3.833891515499581549e-05,-3.358806682978122333e-07,-3.736981745615115881e-06,-3.381525297011019212e-05,-8.657849417802674361e-05,1.336126948655054605e-07,2.158121434324876615e-05,8.256604379766615902e-05,5.502896462482653296e-07
9.830236084700365646e-08,1.448153614665562955e-06,3.996067397810353083e-04,1.147284954823032333e-06,-3.357911257697787579e-05,-4.805350673600523702e-05,-1.585882834012118838e-07,-1.074372593673082980e-08,1.434315734805709089e-05,7.019669684080947745e-08,2.734324988214091462e-05,2.856065131307053676e-07,-2.884065826143720279e-06,-2.439726494485679168e-05,-6.202380774819996371e-05,1.848129804448006998e-07,1.576401094298926191e-05,5.891286720579168870e-05,2.330540257203749741e-07
3.030088424135227484e-07,-1.186252590077159986e-06,-2.848681387734375357e-04,-9.281416013780666798e-07,2.288030959010275820e-05,3.294012729247302327e-05,2.843738917891479110e-07,1.184499297270554145e-07,-9.661052883553299708e-06,-2.736033750189374551e-08,-1.962224489008307184e-05,1.543328131667252996e-07,1.816629963116903312e-06,1.740137972473109498e-05,4.427912848032280351e-05,-9.509635168586128761e-08,-1.122277054227814149e-05,-4.180454693220278278e-05,1.532013666153457729e-07
-2.455515943714588713e-07,6.189597690449154978e-07,2.234167007911013814e-04,8.079722905148189989e-07,-1.916414440430967499e-05,-2.738335136120829844e-05,-7.218811751746112464e-09,-4.001273958162913687e-11,7.771361255964093318e-06,1.449464872496195767e-07,1.539593234095093451e-05,1.821165890174550265e-07,-1.325691810431217918e-06,-1.359451030055776836e-05,-3.449827934646996770e-05,5.634103389278387216e-08,8.644140135026914860e-06,3.296822421628709112e-05,-1.510179663645155385e-07
5.171304767668083709e-08,-1.951931857503668815e-06,-5.572876304909616914e-04,-1.519684179784994486e-06,4.560949347228621684e-05,6.545894190141063611e-05,3.001592543609933747e-07,-4.602578414663323050e-08,-1.981015078712927837e-05,7.807478343599020801e-08,-3.848758209205074111e-05,3.021895443873439928e-08,3.658757737482967516e-06,3.385657989393868380e-05,8.619566365606872306e-05,-6.566680914698651108e-08,-2.170572810838653361e-05,-8.204594403050595290e-05,-1.612717696774091987e-07
-2.340284337021789150e-09,-1.571625599575164298e-06,-4.562109605488164554e-04,-1.318441500752413789e-06,3.828184887177293779e-05,5.473946649439476793e-05,5.874590383479281255e-08,-4.108721760923666182e-08,-1.629159850840944228e-05,2.060256618963022887e-08,-3.136712473863115355e-05,-2.825809391510436544e-07,2.632853395237790790e-06,2.778591324410722800e-05,7.050836580786577952e-05,9.761796441894145954e-08,-1.772904998825564689e-05,-6.720356446943624013e-05,8.632553881204727693e-08
1.733498859747820397e-07,-5.765342610644335713e-07,-1.377334655886760563e-04,-4.044919349850215680e-07,1.090589708063023873e-05,1.593358000044911517e-05,-1.777593562903207989e-07,2.209633571166335014e-08,-4.658840164170827678e-06,2.366155036216344390e-07,-9.631156084818055679e-06,1.242717050053256713e-07,5.360914877683250301e-07,8.483330337715184633e-06,2.143678094623445408e-05,-2.067180907817126457e-07,-5.166533449911236456e-06,-2.052847595430468608e-05,1.476559563988880987e-07
-5.246411676901219628e-07,5.069848707014348143e-08,2.397824983659296492e-04,3.751454310498066129e-07,-1.882579688141413753e-05,-2.728609218301082049e-05,-5.629696525090035645e-07,9.350105355581155358e-09,7.557287885952170529e-06,-3.654183553392830316e-07,1.665756212791118799e-05,-4.578716564170893811e-07,-2.024091973375569987e-06,-1.434795796201941259e-05,-3.723498490737765608e-05,6.774988162355325639e-08,9.072277176303529756e-06,3.551840083927803058e-05,2.287060444057379245e-07
-1.671000257835904099e-07,-2.527505292110675946e-06,-7.161520294747095216e-04,-2.213880863625576001e-06,5.915970954598244875e-05,8.477543942302966161e-05,2.168329929187074104e-07,3.152716914889958773e-09,-2.548024856944450754e-05,9.428714440800865901e-08,-4.909209257979137771e-05,-9.792234807908388961e-09,4.221472799060879067e-06,4.348330139440197286e-05,1.108295850253952531e-04,1.739243411147737806e-08,-2.784807164584339386e-05,-1.054071506386013266e-04,-7.223041542229972622e-08
1.440349568783191199e-07,5.502875748432547308e-07,1.019209687571777487e-04,4.149800993198920140e-07,-8.099646058613347064e-06,-1.137179167320296083e-05,-2.109351573445186766e-07,-5.620742827136221726e-08,3.598214377475321935e-06,-3.240088579678191678e-08,6.871668453734799827e-06,1.829114535445553821e-07,-3.430093100980779291e-07,-6.166293236957251595e-06,-1.571871389503560679e-05,-2.105128268009088579e-07,4.195594105873309827e-06,1.460808606728640335e-05,5.364994991175251355e-07
1.769299154604104953e-07,1.449228251358695076e-06,4.083809257233843044e-04,1.258222573457147827e-06,-3.441045795213441589e-05,-4.898142307598677808e-05,-1.193387741823534565e-08,-5.782447843568297927e-08,1.469101492764938636e-05,6.129092772664165565e-08,2.794620402587053205e-05,4.662243988294819159e-07,-2.137304305989737783e-06,-2.494550892876258594e-05,-6.316016889612787605e-05,-4.093144759002738624e-08,1.600132470243481890e-05,6.002201108505539519e-05,-3.023704875686687578e-08
2.126544758045870100e-07,-8.723548347432078427e-07,-2.106155916021794784e-04,-7.116538577063398335e-07,1.636138274284825694e-05,2.360406698653540802e-05,2.293285532432134883e-07,1.088023969460009031e-07,-7.334056562107106878e-06,4.359955626879875639e-07,-1.450757815774612854e-05,7.583682440466044046e-07,1.597249042272068840e-06,1.315912045881371430e-05,3.283618465501209467e-05,1.847984778816129032e-07,-8.338767398108900698e-06,-3.090881852453686247e-05,1.573001967069832842e-08
6.675945840867352373e-07,-5.187468576704319151e-07,-2.920235941226394108e-04,-4.034715315300255669e-07,2.195360734711587563e-05,3.215761455697484607e-05,3.585469547047385123e-07,-1.232638905203444188e-07,-9.381183774489904240e-06,5.677924767081850955e-07,-2.052399163375160363e-05,9.682567876634323695e-07,2.813643281084278327e-06,1.766697481681273375e-05,4.538629107583577271e-05,-2.053423081582360568e-08,-1.100508768279246443e-05,-4.360332257413952804e-05,-1.436768320723023050e-07
4.566618854530385592e-07,5.160436969068901394e-07,-3.081370235831650374e-05,1.773296381538783289e-07,1.691399304561267994e-06,2.936876441562934052e-06,4.232587998336835795e-07,-9.444186593248671934e-08,-7.939354455407503546e-07,3.310725253689053083e-07,-2.469836566827327920e-06,6.936877798105756466e-07,1.439663114705189216e-06,1.307956667069154999e-06,4.608511588703906516e-06,-1.668495845136338060e-07,-9.247774079106369859e-07,-5.177005870693814065e-06,-1.551051975299718505e-07
7.830555884514546462e-08,-5.364732266285890147e-07,-2.640460910170626331e-04,-4.033042416575493445e-07,2.165338081071356059e-05,3.123810018761351688e-05,3.812537525875495465e-07,-1.300995093642140287e-07,-9.284004307443412455e-06,2.693814892946565529e-07,-1.832161906007684468e-05,3.598170850973661354e-07,2.826650151816718155e-06,1.594942126600764530e-05,4.088607635560105591e-05,1.796021710292051475e-07,-1.016498739906845954e-05,-3.913338148445468873e-05,-2.147378244811749034e-07
7.804418198772123076e-08,-1.710893151732293108e-07,-5.231114462414080286e-05,-3.271045152987298634e-07,4.436357183370093048e-06,6.475085662952501183e-06,6.708712919454877913e-08,3.184851181783624680e-08,-1.766461110805813895e-06,-3.875493003423116513e-08,-3.424086950118623846e-06,8.891065476130227775e-08,1.559803607250428453e-07,3.107350294574274358e-06,8.107329445400764589e-06,-4.088848429736337416e-08,-2.059385925568089124e-06,-7.614271317093178833e-06,1.003781004397481157e-08
-8.063361037074016913e-02,-3.590610431944600556e-02,-2.533600166165681650e-02,-3.054738503748056014e-02,-3.578213762225970762e-02,-4.265540308359222488e-02,-3.959555249656526027e-02,-2.210369029127440960e-02,-6.803662784197007929e-02,-1.588691512021666100e-02,-3.994612374649039038e-02,-8.445738762360414931e-02,-8.627186680658609219e-02,6.497202890668325433e-04,-1.236391768903166190e-02,-7.694823853698734041e-03,-2.920184512146466183e-02,-6.937102963682495460e-04,-3.120273067624622643e-01
-1.010910283298386637e-07,1.562418854113284790e-06,4.616393013326961165e-04,1.228346635101764266e-06,-3.803636054505510128e-05,-5.426763928721659583e-05,-6.924047068217214364e-07,4.347194978572883915e-08,1.627872586592346476e-05,5.956036450890305480e-08,3.184573950823421439e-05,-2.542185790224950672e-07,-3.898235381473142994e-06,-2.808904916791559356e-05,-7.144864174510811520e-05,-1.471190327084565065e-08,1.841100588724000622e-05,6.773871614847066537e-05,2.058279623543623245e-07
1.525969416079220554e-07,-2.557581908591429634e-06,-7.745356149939293952e-04,-2.301952724048112501e-06,6.335772226181819408e-05,9.093366866101131756e-05,3.765140176849014588e-07,-6.793143395915916890e-08,-2.717669718222325028e-05,1.159867973299104091e-07,-5.334424232923805912e-05,1.179981791757545816e-07,4.935818037777164934e-06,4.694593030360805962e-05,1.198185405367262972e-04,-1.434194979688837238e-08,-3.008040473406539141e-05,-1.140678925604473633e-04,1.537113760086902932e-08
4.330022536773888375e-08,-1.193097359963909212e-06,-3.292078069649722011e-04,-9.520818916366857781e-07,2.713297197871790010e-05,3.890430696833490520e-05,3.640468770148166522e-07,5.756124962698974721e-08,-1.161054929160231266e-05,9.460702629404572383e-08,-2.261100666750540567e-05,2.382567478832899107e-08,2.327496758635510658e-06,2.012044171638841184e-05,5.105597465070066030e-05,4.868178849150517027e-09,-1.290897667197397879e-05,-4.838438940426941209e-05,-1.895849137953809645e-09
-5.400733385002998018e-08,5.437294295729456908e-07,1.922627888355166116e-04,2.904924366047805696e-07,-1.552531155118349053e-05,-2.256788229593531940e-05,1.157392924230602723e-08,4.249385873260588761e-08,6.929588565753127940e-06,-1.856970555228701952e-07,1.335078722467132228e-05,-1.388599036570572011e-07,-1.464052479725293537e-06,-1.155644970654021782e-05,-2.981205485172981905e-05,-3.618044010146536705e-08,7.266156258824137145e-06,2.861199116781604982e-05,2.091510738405627451e-07
-4.902835527342259075e-08,-6.769092369930264599e-07,-8.137988219459413124e-05,-3.097519588132348898e-07,7.344045705847201929e-06,1.040006814551440536e-05,-2.659467109915899186e-07,1.302622750433803750e-09,-3.120247542095459854e-06,1.036970121850236892e-07,-5.601191436675839653e-06,-1.071972763316728092e-07,5.806497282989511672e-08,4.976229940788585635e-06,1.264648024721521581e-05,-8.383419553830512208e-08,-3.188685729660910446e-06,-1.198241627321110675e-05,1.809162762568717663e-07
-1.020866177573628563e-07,1.393700482634044336e-06,3.907468884644308533e-04,1.157531420612263981e-06,-3.169622561104418602e-05,-4.545634502187869525e-05,-2.262054903480848382e-07,-9.950674511541061840e-09,1.373657420457982617e-05,-1.794680395903539710e-07,2.695955457410767562e-05,-1.203493367141402433e-07,-2.397251649430371672e-06,-2.374914880057451890e-05,-6.050826851057633987e-05,-1.418114493249601661e-08,1.517443624457356212e-05,5.753074286863718952e-05,-8.700554082305415321e-09
1.047319465090649653e-07,-3.762759530606316396e-07,-1.584341842971695067e-04,-4.544068691998337881e-07,1.326788853340261791e-05,1.896292472274236493e-05,1.781439396911373281e-07,-1.651606051125074313e-08,-5.412330333164895784e-06,1.015057476171237154e-08,-1.098036439804938516e-05,7.012543517473596587e-08,1.155621466564635066e-06,9.532765546276135896e-06,2.437452350866611887e-05,1.290465161726873386e-08,-6.056528949510296941e-06,-2.327115930702126386e-05,3.193944723656270915e-08
4.979797954801155333e-08,-1.623141732629219640e-06,-5.140377079287010778e-04,-1.452287314120186975e-06,4.213434120240543412e-05,6.031352189000036240e-05,2.415678990153218339e-07,-5.164240876704130423e-08,-1.828180698712539144e-05,-1.756754645175577561e-07,-3.522942500323226442e-05,-1.800406112442836757e-07,3.634554237108535217e-06,3.119238231247296194e-05,7.954936113593342052e-05,-5.173985049816318166e-08,-2.037997538646046911e-05,-7.563112161087072807e-05,-1.535921514389349432e-07
-3.439597240090513632e-07,-2.107689907422560679e-06,-4.916289977404458486e-04,-1.782336258090832944e-06,4.115328605868966562e-05,5.869764860344271409e-05,-5.660607630713105155e-08,-7.523528510945578109e-08,-1.776189214271751802e-05,-1.932365134406730784e-07,-3.347800931499957089e-05,-7.164306737893604026e-07,1.664104813392561305e-06,2.945766968055618318e-05,7.589302535139979882e-05,1.768125400173760955e-07,-1.928056763381249042e-05,-7.208907366754551392e-05,-2.018994668698303459e-08
-9.261193731962929100e-08,9.722631854999545913e-07,3.364352766509147419e-04,8.833302938093019308e-07,-2.846171144457940036e-05,-4.065269809671089387e-05,3.583042344502341331e-09,-2.842620590305774297e-08,1.204708060245200301e-05,-4.007649963947613075e-08,2.323881475091762520e-05,2.133279710546154571e-07,-2.121271779886791969e-06,-2.051046053399356144e-05,-5.208652813329727680e-05,4.576338943342231135e-08,1.297692556670031837e-05,4.980802779826724999e-05,-5.183920350969128994e-08
-5.005097350354174168e-08,4.889365514712202229e-07,1.681588062706602471e-04,3.814343824536780551e-07,-1.351636104366215288e-05,-1.926259406654391574e-05,-3.940667858461849400e-08,1.207615125566774476e-07,5.818869568530978729e-06,-1.896901304140059562e-07,1.181262247105842164e-05,-2.588012877149230429e-07,-1.122369706997432385e-06,-1.025359084857197108e-05,-2.599711529196826895e-05,-1.539427484648131446e-07,6.286345629168792159e-06,2.475775280185010994e-05,1.288997070761026996e-07
2.311702701539303957e-07,-9.583722425225972045e-07,-1.690389066088843369e-04,-4.510091911834417038e-07,1.440421192407562706e-05,2.016305662995899570e-05,2.304215921811249454e-07,3.916959402697771711e-09,-5.988707844445419068e-06,-3.347707365587200669e-08,-1.154889655765753196e-05,-3.767034647452628360e-08,1.444932660997334943e-06,1.076154601527739223e-05,2.618882979843868914e-05,-8.902284336165134650e-08,-6.687528819499096760e-06,-2.466501264974821109e-05,3.161076814380688652e-07
1.015948446368098724e-07,1.666848252612650446e-06,4.559024967017969343e-04,1.315912005651022750e-06,-3.764106353643409018e-05,-5.371693405330278757e-05,-2.348602561575170019e-07,1.919871981058057847e-08,1.625598794781764629e-05,-2.156886031464968256e-08,3.150711898994742712e-05,-2.672182149901727668e-08,-3.076895791155729345e-06,-2.793016656869709002e-05,-7.055889233872096524e-05,-2.713002746737290223e-08,1.788119507275326292e-05,6.700078625603142143e-05,1.812847555492420071e-07
-2.192057162119782401e-07,-9.126034163223996487e-07,-2.770610484801094625e-04,-7.002484264214499199e-07,2.472746900994154289e-05,3.494089763152970804e-05,6.474829701648123345e-08,1.786397486649066461e-10,-1.017217450583486357e-05,-2.573937121688477820e-07,-1.880578922848413090e-05,-6.473262071878900317e-07,2.005276229468530080e-06,1.683370435997852180e-05,4.276384120153750113e-05,3.489746862433096704e-08,-1.102132095425705611e-05,-4.069185899262002927e-05,5.981574544290910685e-08
5.982267369704854276e-08,1.332177391531734006e-06,3.559779189844974922e-04,1.118940485460975869e-06,-2.975792627434892628e-05,-4.238932516337905480e-05,-1.991275471750842572e-07,3.812299700098191535e-08,1.270626331381478303e-05,9.959023791970832766e-08,2.439815639286397342e-05,9.520430588917996137e-08,-2.539792304315303621e-06,-2.156490364924556246e-05,-5.504569090010815352e-05,-5.731138113969073657e-08,1.409578371417842305e-05,5.215561752697519101e-05,1.661714742823941259e-07
-3.837725993414834033e-07,1.885964097789769517e-07,1.210045190369681993e-04,2.751918554634085195e-07,-9.542012063284252931e-06,-1.373763766916720233e-05,-3.062321166833373280e-07,8.543726095383119186e-08,3.989780174552190710e-06,-1.049406615909603696e-07,8.455585143106344971e-06,-2.666592600648824021e-07,-9.563619034053605770e-07,-7.369728946562416859e-06,-1.869674639009667272e-05,1.236372797019684074e-07,4.639940273185410549e-06,1.798061771899582144e-05,-8.972122755702763591e-08
-1.542789693151428408e-02,3.420587070187317436e-03,-3.122755887197187219e-01,5.882841929111926917e-03,-1.629632169644256931e-02,-6.899508091387990434e-03,3.993479595870193938e-02,-4.452126349528156557e-01,-8.592842518293310194e-02,-2.342969588826116986e-02,2.058223504593995751e-02,-4.651587302929081902e-02,-4.525493824514806307e-02,-6.635351780093419471e-02,-1.164148417138971686e-01,1.726566219454728560e-02,3.213067522561135342e-02,-1.629984907214968373e-02,-3.541026327435628507e-02
3.686949616796865515e-07,3.006706282809075251e-07,-2.149880737708617869e-06,3.433980308483860478e-07,-1.149137241845881223e-06,-1.174942973588126206e-06,4.647580643269898221e-08,-6.899556920356796039e-08,4.102565065625946781e-07,4.043312180121041994e-07,-3.653671519979589028e-07,4.596274441851641944e-07,2.673042046456951957e-07,3.053004628008285664e-08,3.769022278810182105e-07,-1.311851459645081217e-07,1.763060805095601083e-07,-7.995402082482362250e-07,-1.457209746164108334e-07
-6.861000903895968721e-08,1.554654149383926290e-06,4.131466676117645682e-04,1.029164445399791415e-06,-3.487322450261627518e-05,-4.949394240560458515e-05,-2.924186328017519767e-07,-4.243366437442078974e-08,1.433800877131775884e-05,4.342098191444999300e-08,2.875618150140173818e-05,4.189299238711055096e-07,-2.795423676741575937e-06,-2.537019411895197085e-05,-6.396372288612053522e-05,-1.883490895210397376e-07,1.599348834917876740e-05,6.082364617223037101e-05,-8.852766887209858154e-08
-1.422818300691016048e-07,1.846849969528521392e-07,1.026192030752261106e-04,1.472141825640060289e-08,-8.571168911811070232e-06,-1.213619548628885590e-05,-1.829665363225988879e-07,4.596723894902465464e-08,3.407184473822095523e-06,-6.978475730812667523e-08,7.272220721617773005e-06,-2.939934583492500985e-08,-1.092855737623956657e-06,-6.264079422283449392e-06,-1.582107187705574278e-05,-7.118642328909868158e-09,4.032109357158583059e-06,1.514763812912337561e-05,1.030114558708478654e-07
9.729451817845950281e-08,1.508140131120746667e-06,3.889466232237287946e-04,1.261944932217924934e-06,-3.228059405590274556e-05,-4.603254504749624757e-05,-1.305712095579803092e-07,-4.899857637887612808e-08,1.387383570787453281e-05,8.696116220034589620e-08,2.653163729374213202e-05,8.906004760769697519e-08,-2.374723624882264054e-06,-2.364004607226537127e-05,-6.022301859853520367e-05,-2.996023747509903084e-08,1.541378067278569326e-05,5.701514216709584009e-05,1.458914047312165365e-08
-1.163349122789619905e-07,1.993178759735706940e-06,5.709630920611851335e-04,1.568804335460274389e-06,-4.735228993948736647e-05,-6.757939103905095057e-05,-1.584413658194792927e-07,1.424048289624262856e-08,2.023907683776650685e-05,-8.727255580340168833e-08,3.898269033019869252e-05,1.922846866864418566e-07,-3.568166005371046828e-06,-3.483029632185250283e-05,-8.835328623779430330e-05,3.121278938469318689e-08,2.232574953306196340e-05,8.394897556673871022e-05,4.657257009759905184e-08
-1.204324273688377075e-07,3.629062071754714682e-07,1.429413655508583541e-04,2.336478462405405481e-07,-1.199839725161128129e-05,-1.726379018341627207e-05,-3.181840936458798330e-08,1.022464098803205108e-07,5.068606503838566465e-06,-1.394750256511972966e-07,9.673083710861468258e-06,4.102160422415744373e-08,-1.075051165029773922e-06,-8.518934288783135906e-06,-2.209700903015971259e-05,5.362218396181557714e-08,5.505763210123496590e-06,2.115762275087184024e-05,-2.645068331139654678e-08
-7.225127816868718603e-08,-2.842719936976927475e-07,-3.531507095360308327e-05,-2.586573658667959053e-07,3.600260365352367162e-06,5.107867700499076874e-06,-2.201777999092717504e-07,1.248507336412283677e-07,-1.373712983224949774e-06,-8.019563633636370721e-08,-2.233626562066225370e-06,-2.976677620947054561e-07,-1.336042456825982809e-07,1.879889279607835461e-06,5.525938172666638522e-06,-7.789875409232906214e-08,-1.434549107572600977e-06,-5.381557668649091121e-06,4.115844066781240742e-08
-8.639066044440125542e-08,-6.576105421311617592e-07,-2.326146625355763069e-04,-7.770354529098035889e-07,1.938430020777635532e-05,2.778773786259462248e-05,2.104553602938850656e-07,-6.860514283717484379e-08,-8.445492115395071577e-06,1.291409781669997497e-07,-1.601560764981174611e-05,2.618711966087786190e-07,1.686213952959830047e-06,1.402040401235492395e-05,3.585522362272351661e-05,7.017228005177347066e-08,-8.902028632182828840e-06,-3.424732364174536061e-05,5.435226555924138458e-08
5.111890603903941683e-08,-1.040926928127350680e-06,-3.211694951048017213e-04,-7.787628602684172418e-07,2.569427022494809179e-05,3.705368484770181552e-05,2.686914036223820813e-08,-1.324963913892870381e-07,-1.136083695932842819e-05,1.726471478819406056e-07,-2.207048244198901092e-05,1.458395887551214306e-07,1.979132139216851490e-06,1.966109390950575186e-05,4.972822080103617566e-05,-1.750692067158950453e-08,-1.255638033758138552e-05,-4.724227109584656947e-05,5.255151156068892579e-08
-1.797817190595490114e-07,-3.161003108957020328e-06,-8.075893757841414843e-04,-2.408100796223330612e-06,6.644678488241533465e-05,9.498324430084678638e-05,4.317421368895072483e-07,-1.855609860827939024e-07,-2.876574329262668035e-05,8.772480118280481678e-08,-5.551546929333987210e-05,-1.183051322213348991e-07,4.824403617369457792e-06,4.914882897642781044e-05,1.249815040759080233e-04,-1.442777050702972812e-07,-3.178123055815138681e-05,-1.185931122451134532e-04,-1.722729503736898142e-07
1.544704913940520757e-07,-6.802358330373842560e-07,-1.821831072985364165e-04,-2.967096646071776880e-07,1.512894094580381212e-05,2.179771479062346811e-05,-8.151751446537648425e-08,-4.000235581564119201e-08,-6.311362115054358491e-06,2.374176940816285293e-07,-1.266437198532354006e-05,1.937048979245674547e-07,1.193849736987209391e-06,1.099558185428043890e-05,2.821707513580206791e-05,-3.533541602575694052e-08,-6.824549752197698021e-06,-2.701165140097275632e-05,9.236608723265630580e-08
7.353334480715873020e-08,-6.400595066783522485e-07,-1.933901679954613633e-04,-5.113297580558782696e-07,1.599762019111493138e-05,2.292549831805050113e-05,6.798161789379548548e-08,1.371346959429795543e-08,-6.809233947201767872e-06,1.068692686001991505e-07,-1.344886440856190107e-05,-1.410473056196132006e-08,1.390540596150759954e-06,1.160840403946439983e-05,2.989468823281988462e-05,1.984416090807221296e-08,-7.585174050460355121e-06,-2.855744252642327915e-05,7.005254718423888731e-08
8.978966872807546681e-08,-4.820494066738858284e-07,-1.443139129733548469e-04,-3.587041347684561526e-07,1.185946351525803548e-05,1.691056736127541870e-05,1.131577042506283916e-07,9.174724258273776516e-09,-5.065492831439350031e-06,3.845152100572078044e-07,-1.005609770512464237e-05,2.875527037273769591e-07,9.778479803838920234e-07,8.740666818637119265e-06,2.228663802093830377e-05,1.252046416266109331e-08,-5.557928741367988109e-06,-2.137877112768617478e-05,1.326425483603427515e-07
-8.654874573259780453e-09,-6.348997520193255873e-07,-2.089954703755672594e-04,-5.773553790502198381e-07,1.749074803169477660e-05,2.493904666703954584e-05,-4.235713245998694204e-08,-2.153784726934465009e-08,-7.260726837303070554e-06,-8.749619623125174161e-09,-1.424177220927203569e-05,-2.105537959745688632e-07,1.339391855398045383e-06,1.273822189535363094e-05,3.235984643125597012e-05,-2.760015063786265466e-08,-8.155568973783172061e-06,-3.076003938453890097e-05,-2.882330011775930053e-08
-5.895131246557035187e-02,-6.279713675148720919e-02,-1.233983484866258834e-01,3.239479791198981995e-02,8.412382106892993261e-02,-5.837350727039851417e-02,5.093543988845078418e-02,-2.434713584247576168e-02,-5.109777915990731945e-02,-1.106236772616271159e-02,-1.177828495768685063e-01,6.044371635987970393e-02,7.150402984332962508e-02,1.525508300491425218e-01,-1.561925597327630255e-01,6.043843227259616535e-01,-7.229059778757998544e-02,1.651674409770170771e-01,1.738346482239934432e-02
-2.621292697401974498e-07,1.443104503245345344e-06,4.761795262892251678e-04,1.392095295345498132e-06,-3.929737257421973292e-05,-5.598294386065920684e-05,-1.124817014473534250e-07,5.138332862203115470e-08,1.663520732294854188e-05,-1.212338567593249546e-07,3.263109103907870060e-05,2.832721031753633024e-08,-2.924760396684403733e-06,-2.899196264549069583e-05,-7.372915589970595773e-05,-9.437771911754677182e-08,1.850031862363838082e-05,7.005404891896748636e-05,-2.448252333389936185e-07
9.853672118327252996e-08,-3.811119778040915276e-07,-9.292124718688044808e-05,-5.025932856629310319e-07,7.946131795818167192e-06,1.115446379483974788e-05,-1.652492617883699137e-08,1.987097941718030883e-07,-3.013687033813577177e-06,8.587817712734481591e-08,-6.262043804238037868e-06,3.027951917028326923e-07,4.118437869347498625e-07,5.834184017481093453e-06,1.455165038499084512e-05,-2.468750805820902258e-09,-3.745268667465324228e-06,-1.360927259576694099e-05,2.830724416557704926e-07
-2.760742756486787481e-07,-2.760334570990982705e-06,-6.832508144802356895e-04,-1.691514166326037336e-06,5.580386443419179689e-05,7.996908319236298475e-05,3.583632184565815835e-07,-8.408416012655073095e-08,-2.439781115385389784e-05,6.348156147737239803e-08,-4.699249260949973423e-05,2.073421857433426192e-10,4.480429422333562124e-06,4.205136106389955762e-05,1.058872728544918196e-04,2.431256444035002464e-07,-2.706312716079049135e-05,-1.004265284558466587e-04,-3.385774066311548136e-07
-1.488997219469360996e-07,2.262746229275699895e-07,1.159626546919206836e-04,3.108229900112795872e-07,-9.003504642140090745e-06,-1.285877864941908604e-05,-1.832962341249790537e-07,4.282210338232676453e-08,3.861984095190457100e-06,2.854346251385843815e-08,7.991402825415927722e-06,-3.137419827967600517e-07,-1.102065467886115248e-06,-6.746692269877404098e-06,-1.780898741911895929e-05,-6.365761106882868472e-08,4.607691641366783489e-06,1.685128696594021585e-05,1.326362076900042956e-07
1.961545627672215833e-07,-9.741000439082024552e-07,-3.307893789344019302e-04,-7.330308655923947870e-07,2.717889784909955525e-05,3.873630806912783502e-05,3.699035685696945835e-07,-2.801713207372619547e-08,-1.148712334110112849e-05,8.613580867022717049e-08,-2.282801714176961418e-05,1.500015029752245436e-07,2.501505723754081465e-06,2.012111753561652322e-05,5.123369658000832410e-05,4.731699717474207164e-08,-1.282852441448573350e-05,-4.860253310067580641e-05,8.531416592475919700e-09
-1.727600911953629669e-07,-6.762201951531730662e-07,-1.499829376125101762e-04,-3.428253351657829546e-07,1.279846582342193650e-05,1.821728246023826566e-05,9.770192712181359175e-08,-3.961901429036894607e-08,-5.599797790614550329e-06,-1.459212974562242196e-07,-1.025302361022657180e-05,-3.644773005483718746e-07,9.496876837128081775e-07,9.280592813916132839e-06,2.307766371578950831e-05,1.230098111399115956e-07,-6.019751705317484875e-06,-2.191259867879799623e-05,-1.171739668247229696e-07
-1.580517885914539804e-07,-1.656309914495587958e-07,2.820062475358543121e-05,3.382940706259826936e-07,-2.167728321501308132e-06,-3.564963385986057542e-06,6.638191647366696489e-09,-5.377926512070581782e-09,9.097121215145523743e-07,-4.402137921504493571e-08,1.998262898951439372e-06,-3.975030605363657619e-07,-2.314787954641579898e-07,-1.271983668169240680e-06,-4.197677571126880150e-06,2.391390833624872913e-07,8.133191721040927198e-07,4.324752093031713171e-06,-4.325267268330054376e-08
-1.820808166745286213e-07,-2.279080444940148252e-06,-6.897511795239119614e-04,-2.069633134120038727e-06,5.580147705746571843e-05,8.018594613556359130e-05,3.361957633469371006e-08,-1.537591517408997115e-08,-2.472135490583561872e-05,1.531311284282823485e-08,-4.772872629521050493e-05,-2.697396045982437732e-09,4.206751022301704349e-06,4.196109323908097993e-05,1.066766637162250801e-04,-1.581018364987198265e-08,-2.684019360753348539e-05,-1.014436876736993812e-04,-5.863187381703229202e-08
5.364144852457159995e-01,5.301821225188088071e-01,1.772796693746254981e-01,3.623042420484691717e-01,1.939046547332232140e-01,4.322375349623815977e-01,-5.806026622856158732e-03,1.602733850533109849e-01,8.096717073270969234e-01,3.099764815527732975e-01,-2.359765208972626482e-02,3.018275058404264466e-01,2.419243162233678246e-01,-2.153661242696919553e-01,1.186411749533768240e-01,-8.853980632957975105e-02,3.574001531539799936e-01,-2.920886463944755707e-01,2.357378391998491696e-01
1.147231146341336422e-07,-1.479136404998749334e-06,-4.454630817588107680e-04,-1.424872067821175474e-06,3.668898649376964608e-05,5.263467339312079681e-05,1.013789157408266691e-07,-4.486736684708447553e-09,-1.559231843492453598e-05,1.102325519508513843e-07,-3.049567966517745967e-05,1.941848198312169760e-08,2.689004864350829473e-06,2.701919567163381324e-05,6.902225144182273005e-05,-4.430531767938026904e-08,-1.730570919721415997e-05,-6.564660464412215275e-05,1.608497971058273361e-07
8.965377420027673572e-08,1.655686594202397415e-06,4.608309636944182288e-04,1.425065249638667884e-06,-3.895185045721163953e-05,-5.562087730734616760e-05,-2.306534124369961888e-07,5.037749550860883840e-09,1.648167997581805340e-05,8.899907631853665223e-08,3.143884762992185168e-05,3.786527185446917154e-07,-3.219160709282895147e-06,-2.792363399681595685e-05,-7.130499690992973610e-05,-1.631366418282153840e-08,1.802824903275610102e-05,6.773147645041069256e-05,-5.697545257403365012e-08
1.311479869035909316e-07,1.449313695355720230e-06,3.678764911066700872e-04,1.156230417506833336e-06,-3.030311241963585734e-05,-4.331819431044950646e-05,-1.187511902227875091e-07,1.427390506133280483e-07,1.325909713776056943e-05,1.203495102868127791e-07,2.549441948038421897e-05,2.515877218267362740e-07,-1.946680165118450227e-06,-2.265071413435302349e-05,-5.686797525813912159e-05,-1.366388655646187393e-07,1.454912929214089644e-05,5.394044722513316285e-05,2.572104574122115237e-07
1.223569056488437427e-07,1.380526825089439014e-06,3.862373504050467705e-04,1.185388913633032856e-06,-3.228218093758539680e-05,-4.602420224236728792e-05,-1.127552693142747825e-07,-2.233704561093618606e-08,1.386542657525498127e-05,2.722570084901255331e-07,2.647493362567811498e-05,3.769436773122673085e-07,-2.477573635301543703e-06,-2.354602798580644285e-05,-5.968926296639860620e-05,-5.734794159872217766e-08,1.524415748956185299e-05,5.666046778806812465e-05,-4.681116229152226416e-08
-1.500491815065105524e-07,2.270515865813875380e-06,6.654536975609939798e-04,2.058087223675456855e-06,-5.540538501462099021e-05,-7.939224275651438187e-05,-1.822302346563304272e-07,4.565237273256054417e-08,2.378240530661318569e-05,8.963424216112157310e-08,4.566809599200681412e-05,2.143180754100269524e-07,-4.125352454095673251e-06,-4.045609182448304896e-05,-1.029842821851116916e-04,2.603042615089199667e-08,2.590464271582727692e-05,9.798447872729204990e-05,5.386255466158273395e-08
2.473622146956554049e-08,-1.186319189536875178e-07,2.332091250233781412e-05,-1.888176398631201125e-08,-1.771881171613097185e-06,-2.589551782956626678e-06,-8.503608575830308145e-08,9.475752437019776232e-08,8.137550061452479312e-07,-4.143288329559132125e-08,1.678053920925356390e-06,-1.387347509490563991e-08,-1.840288049106801312e-07,-1.188535073160663934e-06,-3.546913796816820494e-06,2.200994257122467360e-07,8.104089248528273705e-07,3.520783083821241183e-06,5.835201911794100135e-08
1.242316365272999697e-08,-8.970388186365400103e-07,-2.213192427012880624e-04,-6.637476777116031142e-07,1.869992799473430134e-05,2.639919255133028715e-05,1.868665629278436237e-07,6.489385425157915989e-08,-7.885850164905242979e-06,-5.237168821333170029e-08,-1.535815822393377287e-05,9.219633578682706108e-08,1.668425741395976124e-06,1.342290068970377354e-05,3.420460611035920867e-05,-1.341674861888529065e-08,-8.830425951655493377e-06,-3.230542072724806738e-05,8.249777419227972426e-08
9.028491740020360648e-08,1.069541623045474650e-06,2.321339548424011996e-04,9.051749490934136564e-07,-1.864168228646602998e-05,-2.680948873724004050e-05,-1.478784297595818944e-07,5.155640168527362338e-08,8.358539583379483265e-06,2.729026428553208639e-07,1.586762952665981419e-05,-5.879006183331752080e-10,-1.330505770309423017e-06,-1.413824560708161963e-05,-3.584955055432786420e-05,1.172195187189550329e-08,9.206835677269293184e-06,3.401836002553107398e-05,2.143281032008965364e-07
-2.149882080262763973e-07,1.923886473292252911e-06,5.402687694211821476e-04,1.613601604782859182e-06,-4.505118055024503549e-05,-6.444052495143147213e-05,-2.775123899146454319e-07,-5.655766050320101221e-08,1.912125881310856737e-05,-4.339986975184775822e-08,3.722953421873742872e-05,-2.890489744241394744e-08,-3.425234478281050367e-06,-3.301053198634534711e-05,-8.354141215766843289e-05,-1.863746062897826401e-09,2.117050561251129664e-05,7.936568857619336135e-05,-5.314780331463336669e-08
-2.761603719966290657e-08,1.344181405135739966e-06,3.046891337396728967e-04,9.390189232160650398e-07,-2.579641396712441600e-05,-3.684002486762616674e-05,2.111384663737480973e-08,-2.259935059376278686e-07,1.074473830966235326e-05,4.163852601921591611e-08,2.090828575113993056e-05,3.217911829829039384e-07,-1.799902201915063623e-06,-1.889083961843904171e-05,-4.739063192488777532e-05,3.098931562784891644e-08,1.210225739749074599e-05,4.471506563320437806e-05,3.342209827458853232e-09
3.394246390403352832e-07,2.364562998376137277e-06,5.544672503966623913e-04,1.737161263203380923e-06,-4.597324571673115710e-05,-6.595340974583708323e-05,-8.282605671731533853e-08,1.016342681294386795e-07,1.994485283878652055e-05,2.732973435939687142e-07,3.792264232040458134e-05,5.718429505639110444e-07,-3.292892431735034040e-06,-3.380801549932061650e-05,-8.592142842166312856e-05,1.012429436687303087e-07,2.184945055930770811e-05,8.152618300565654598e-05,4.142896881084920752e-07
-1.984450528961368282e-07,-4.219936715265513722e-07,-7.549216436943277978e-05,-2.829598284759058307e-07,6.571684975124495561e-06,9.315747404982904683e-06,-1.112351455453290756e-07,6.297516054475710808e-08,-2.737387878200140447e-06,-1.029337832419833046e-07,-5.256801404150541279e-06,-9.093473980960221011e-08,1.753213918479577494e-07,4.688110226807283057e-06,1.161039684078924266e-05,1.347301889397311575e-07,-2.896092810562705656e-06,-1.112879885352173168e-05,-1.718744176971663474e-07
-1.210205190894426403e-08,-1.728732203946398693e-06,-4.797247741920437555e-04,-1.389246083471431600e-06,4.049716700298874444e-05,5.771122908036199674e-05,3.292858348990059572e-08,9.338737612887065164e-08,-1.711107411016098354e-05,-4.878446079638779153e-08,-3.293349999715551330e-05,-3.935186915949475336e-07,2.909235862985916593e-06,2.936656774995154409e-05,7.420885812458083886e-05,4.490511340760168115e-08,-1.868542484292470669e-05,-7.044879281655180283e-05,9.228675280682605165e-08
8.190572422201523377e-08,-4.298183372584359687e-07,-1.070975496533487501e-04,-2.311264414200230048e-07,9.645074504355894486e-06,1.344953118682719118e-05,2.881036114021676586e-07,-2.373190187121314574e-08,-3.887491434206423304e-06,5.227663773503541766e-08,-7.246365250678639122e-06,-2.274970411876400924e-09,5.477209562935816831e-07,6.465687116176426001e-06,1.652574091520425553e-05,1.271407264823520493e-08,-4.297678195114288618e-06,-1.563138686429975708e-05,-9.423460945386659805e-09
4.001273828012180100e-08,1.763360824770218553e-07,4.056165173130836602e-05,6.659966879791791471e-09,-2.752567351228483706e-06,-4.045676461805012623e-06,-1.771111721547665965e-07,5.458093799055233109e-08,1.395620918144113862e-06,-8.142989787187096306e-08,2.819982073589187839e-06,-1.860948175775804883e-07,-2.978486225486844524e-07,-2.511872066143952967e-06,-6.289954723038657841e-06,-8.097437072824970524e-08,1.628088571435824571e-06,5.969161217943043904e-06,3.904483629923952554e-08
-4.993046070852890945e-09,-2.137416811580523940e-06,-5.376381125530869725e-04,-1.647053725593093351e-06,4.476525903066088947e-05,6.411363753693464953e-05,2.570100647727924322e-07,3.067195536145278190e-08,-1.913197032608708186e-05,-7.894402818633082491e-09,-3.699849259017425789e-05,-3.840641770287150761e-07,3.263302269182336366e-06,3.291502622200799641e-05,8.322178034277315478e-05,7.209481634443420100e-08,-2.107998213185905092e-05,-7.903738316392869528e-05,-2.380504961003342456e-07
7.166910318406201420e-08,-2.338592697573847479e-06,-6.356599785553492801e-04,-1.826215665857580150e-06,5.247227314532262573e-05,7.496927126043894957e-05,3.227998737741275720e-07,6.475950947018169040e-09,-2.260600747739720761e-05,-2.572331396382763976e-09,-4.368753103044089659e-05,-1.934691505532693596e-07,4.076692039360850326e-06,3.878683225279196893e-05,9.837966744110114093e-05,1.009496343264554511e-08,-2.494550350697189077e-05,-9.344396073138426506e-05,4.455080375346859579e-09
2.072401596313037233e-08,1.583623858258758700e-08,2.136094064267992664e-05,-1.086299275984407586e-08,-1.633668221177884061e-06,-2.391462959018653666e-06,-3.292662765103947376e-08,7.366945855635240551e-08,7.771221741583058104e-07,6.705826723336234955e-09,1.449198321948402440e-06,-1.399025208193737064e-08,-7.197333436993446568e-08,-1.263731741418199982e-06,-3.199324416484649027e-06,-8.969268921012009295e-08,8.312725452082825684e-07,3.042648326335687270e-06,5.264057389846276375e-08
-2.177755712174400375e-07,-1.690250297831870373e-07,2.904043608251696967e-07,6.173876120725439164e-08,-5.824836919112872327e-07,-7.737911190687514195e-07,1.120192918111375725e-07,-6.505851807903168021e-08,-6.573806060720691917e-08,-5.861504441505573770e-09,-1.659955869714553175e-07,2.680121544424830509e-08,2.756047688885579872e-07,-5.127126655048678694e-09,-4.005420497368380305e-08,-4.665772143772885678e-10,-8.990417324037735040e-08,1.813024934109139000e-07,-1.506170988626262310e-07
4.934466905899317382e-07,6.272149477535225793e-09,-6.849945275263577453e-06,1.051889358692432684e-07,3.420602772520974193e-07,6.542975909055124942e-07,5.497208891676261764e-08,1.633275941898381861e-09,3.384537706363319471e-07,2.028531309992636856e-07,-5.510546551162347837e-07,4.112653150009582605e-07,-5.728981971689102405e-08,5.559470981710165939e-07,1.072637882352177766e-06,1.704062248293979754e-07,1.678433376708480373e-07,-1.189043608791139755e-06,2.088013290570082757e-07
8.294835856839916729e-08,2.761605598663687726e-06,7.824142858091727090e-04,2.154584199812045880e-06,-6.516113136717361742e-05,-9.307673631203535163e-05,-2.508605773317704569e-07,5.429998121584709025e-08,2.789194044457239384e-05,1.923198111880237651e-08,5.373162683294108047e-05,2.925023505729653323e-07,-4.967376638256087953e-06,-4.764292879862610608e-05,-1.210961576302469839e-04,-8.559643691607850806e-08,3.066774828677349643e-05,1.150426296685849058e-04,6.394730262276225417e-08
-2.268717604643678647e-07,-3.062344004868226933e-07,-1.255802514662434993e-04,-7.911363766528071924e-07,9.847002830001230116e-06,1.408097622883235652e-05,7.506295989950304379e-09,3.602081845133587811e-08,-4.294599158807541781e-06,-1.171848297045924873e-07,-8.366017945606200526e-06,-9.432393223420763700e-08,1.180069709826351164e-07,7.730915489993316945e-06,1.947059554793224660e-05,-3.846368069690233630e-08,-5.059433989406805096e-06,-1.826117182651785460e-05,4.968603310191523545e-08
-1.064265757304311437e-07,1.236598232845653436e-06,3.309590687872415553e-04,1.086945519561756247e-06,-2.748255698999468332e-05,-3.931276293866383661e-05,-1.496626924595218351e-07,-1.780652895084882277e-08,1.172297829811527280e-05,6.560632170889532522e-09,2.275129146695768545e-05,5.613322934848127979e-08,-2.053627679278469120e-06,-2.013578076805838354e-05,-5.122592650591978732e-05,5.162583681618682885e-08,1.296601346623564326e-05,4.867397771401107032e-05,-8.862293965023455318e-10
2.083414244333050267e-07,1.184687692948419503e-06,2.778456877119562097e-04,1.116074480956579678e-06,-2.368841541595141512e-05,-3.377260696909873544e-05,-9.121608173744126062e-08,8.757752213846427896e-09,1.012666458377511299e-05,6.674206854977799551e-08,1.884338821910601762e-05,1.983537920256957938e-07,-1.309760573950960671e-06,-1.674978062986186032e-05,-4.293668402118640276e-05,-1.195848103015773268e-08,1.071741484788402229e-05,4.090809871487386941e-05,-1.001221692557408915e-07
-2.031747729914631734e-08,-1.454338112944474524e-07,-3.745203148311528188e-05,-1.102458825268262123e-07,2.852790092750066396e-06,4.096135738313615102e-06,-2.256273535295236886e-08,1.521652897971237502e-08,-1.338632947656566114e-06,4.339216247769589822e-08,-2.617084581510468827e-06,-6.418842953730128129e-08,-2.864617069656687988e-08,2.367826437633056000e-06,5.738408917851066551e-06,-6.597160936727585614e-08,-1.378666165594515493e-06,-5.562205636995364921e-06,-4.970515487997634674e-09
-6.992505904631335421e-08,2.909898134294046202e-07,7.979054972945128453e-05,3.098679553413190213e-07,-5.980400498790924912e-06,-8.681754156519717999e-06,-1.226152447009853310e-07,-5.526630400529714982e-08,2.678981582256444300e-06,-7.154267719533531392e-08,5.403907865760016503e-06,-1.290555480249609914e-07,-4.607028252273828381e-07,-4.722941452443008546e-06,-1.238389021911407026e-05,5.303029929367303132e-08,3.180700599836586115e-06,1.168638615100893438e-05,6.231841762667395757e-08
1.621462471049235304e-07,-9.745497166027800685e-07,-3.213396038728799989e-04,-1.040631408983597151e-06,2.635443338159742960e-05,3.760688437001629748e-05,1.039454673036501764e-07,3.948991042975276959e-08,-1.132953648245759399e-05,7.351066788353700871e-08,-2.205924019320318040e-05,5.767744201394203941e-08,1.677396450043544335e-06,1.950444417493476642e-05,4.977563975096200785e-05,-1.729099204400982012e-08,-1.250524746758672920e-05,-4.725965331538512404e-05,2.545879000931153486e-07
-6.583682308869801031e-08,-4.003760476747399794e-10,9.695134829734202827e-06,-1.469102027419132483e-07,-1.090759859926565926e-06,-1.503321878271144379e-06,-1.824981496092715619e-08,-3.081211541684168045e-08,2.940303845909478449e-07,1.409820768132957565e-08,6.440571280469179184e-07,8.774253106253071145e-08,-3.656644401566604699e-08,-5.489502011092833868e-07,-1.513182158593345991e-06,-1.360833397304726017e-08,4.267284390978145828e-07,1.471630805080879005e-06,-3.286725025247718785e-08
-3.225765124397898763e-08,-1.417855296629192856e-06,-3.762062815585981283e-04,-1.472146358325241892e-06,3.174596682591389270e-05,4.529114233976722835e-05,4.917518315184253151e-07,1.412633030723803150e-07,-1.331275010637088428e-05,2.516524360745350174e-08,-2.554871854901349929e-05,2.287006076168928065e-07,2.728565345346437305e-06,2.267083733582205931e-05,5.826796573365035299e-05,3.595906271230368599e-08,-1.491972569143126236e-05,-5.512149481280091126e-05,9.655600078597788052e-08
1.114853811574753109e-07,8.526779158428861286e-07,2.336911531289229084e-04,6.068997516257201903e-07,-1.935948714620898045e-05,-2.764491210231908607e-05,-8.646720218615574698e-08,-1.611906057688590990e-08,8.388570039015671680e-06,3.971947221286362615e-08,1.592405548996124383e-05,1.739204823201450357e-07,-1.494896557836793566e-06,-1.404454276347099285e-05,-3.604131725741021236e-05,3.253656802879637733e-08,9.058650095514714925e-06,3.423443263012598299e-05,1.191396284626339083e-08
8.450026041458175152e-02,-9.900297035124924760e-02,6.391240021288592255e-01,-2.254218678357635883e-02,7.634393982677057516e-03,-5.879815717823664439e-02,-7.197602322614610193e-02,2.430858374613558137e-01,1.385488342074122636e-01,3.138418017192706050e-02,1.118173277910304020e-01,5.059182106075502117e-02,6.132783258049461644e-02,1.805757554023221523e-01,7.110999215618338809e-01,-2.412124649142697586e-01,-1.610757429906754801e-01,6.929237490823347834e-02,3.552550340021112807e-02
-1.262710288658928259e-07,-9.121245596578868489e-07,-2.544868059895134143e-04,-3.120385943790740466e-07,2.091427703417408744e-05,2.990347935169640616e-05,-3.082010230700769404e-08,-7.586476397991282766e-08,-9.182865190682446750e-06,-6.686413398242899510e-08,-1.766099324302786413e-05,-7.127329543262593819e-07,1.118719094906355320e-06,1.630860536458003841e-05,3.952432790614657455e-05,2.063820510211852480e-07,-1.009850869328553062e-05,-3.739007775166947533e-05,-1.342141967003107037e-07
1.163617932082964100e-07,3.356901623231418673e-07,6.713011521015088397e-05,1.755769899166126781e-07,-5.594399471950307917e-06,-8.098216281989365723e-06,1.035692926643744641e-08,1.526955704745947919e-07,2.556106568018469634e-06,1.671494040288634879e-07,4.599035985254355439e-06,3.533696013431406461e-07,-5.756990693286448241e-07,-4.252170463228636881e-06,-1.029620994406674054e-05,-1.135139848276786164e-07,2.649353132548443480e-06,9.879193407707375545e-06,3.458700038648723847e-07
6.774541673497893457e-08,1.506071249952847496e-07,1.923616742721478580e-05,2.265667939869857494e-07,-1.946525217470110712e-06,-2.618299012613145342e-06,2.913387735916287267e-08,-4.876122125268456263e-08,8.301633890176102140e-07,5.736005455234134015e-08,1.224035828546292630e-06,3.851956204776807515e-08,-6.410308470925198922e-08,-1.062526506777333786e-06,-2.843693127602756410e-06,-1.447234484658823440e-08,8.014448435990656406e-07,2.686014255171363161e-06,-6.576087564908552861e-08
7.730493222622329096e-08,-1.217365372153366480e-06,-3.833705715166982352e-04,-9.858923357795104410e-07,3.107119649011785161e-05,4.466187758597784405e-05,5.939651276705394806e-08,1.199681094578111909e-08,-1.341017632522930149e-05,7.343152564819737049e-09,-2.640405338483820650e-05,-9.166048534132926442e-08,2.122382722662666490e-06,2.347155974187001406e-05,5.933489657136288543e-05,6.289683029517724702e-08,-1.488692908140598423e-05,-5.649886853124185405e-05,-8.262322755930677483e-09
2.359856377110684756e-07,-1.057684212695545722e-06,-3.679135635525072174e-04,-1.208624815592460665e-06,2.986752667764854604e-05,4.303844890896451583e-05,5.318470850753605760e-07,-2.127536458633842133e-08,-1.296753630368856496e-05,1.998998062741716686e-07,-2.550386390814765545e-05,5.313981559735511728e-07,2.274210796665867803e-06,2.239674314813939413e-05,5.696275835804952205e-05,4.542547686949015078e-08,-1.421069123875595820e-05,-5.424296738695482360e-05,-1.266500027755298965e-08
-4.414931040070718002e-08,-1.275276317724416937e-06,-3.239800298650282817e-04,-1.119242677304682124e-06,2.783529104358432052e-05,3.949762823537247456e-05,1.420979096176036382e-07,3.623259132651487882e-08,-1.171235854229994246e-05,-1.597025967041424341e-07,-2.216861449094546799e-05,-1.731508156816246217e-07,1.903139931249949412e-06,1.973044873460342625e-05,5.009111115149555835e-05,-3.180701085489259715e-08,-1.294955403359313660e-05,-4.714953617458621449e-05,4.645855327033818420e-09
-2.131144891626634780e-07,-6.000542285235309088e-07,-1.004069955769370127e-04,-4.624034355485522789e-07,9.096065904662726221e-06,1.277074936359266048e-05,-1.412399413966865302e-07,9.860223500277086040e-08,-3.825255247180311721e-06,-1.612784968712744703e-07,-6.594089095960028030e-06,-3.550205359685870924e-07,1.153364243619476446e-07,6.092969887521943897e-06,1.557189031451471922e-05,-2.013704556462396499e-08,-4.097807389097836947e-06,-1.458590277595524393e-05,2.620878625693340026e-08
2.996254577699151780e-07,-4.620397528338339245e-07,-1.304873365467546973e-04,-4.948621691235248318e-07,9.796137452839465574e-06,1.451749823624286836e-05,-9.031045052856748221e-08,-6.689870154833613185e-08,-4.258553155699507532e-06,1.370855870703336701e-07,-9.142935426877785884e-06,-1.357260035387019048e-08,3.652401344317630970e-07,7.905536079704395206e-06,2.030335357189653493e-05,-3.299669378419912904e-07,-4.813150230539351634e-06,-1.948305621480228298e-05,1.364162943146429116e-07
-3.768101332026697354e-07,-2.222183953391841892e-06,-5.548990401393096017e-04,-1.971345246958329788e-06,4.752061402735850552e-05,6.767510799220016195e-05,7.914877272952939649e-08,6.308171573214611700e-08,-2.030776996225719464e-05,-2.950205104735373702e-07,-3.813975885756564144e-05,-5.510679388942071321e-07,3.218992976410782971e-06,3.377064753833082072e-05,8.586868397899618795e-05,1.657962399571440279e-09,-2.185645071271845145e-05,-8.146888745175058185e-05,1.290596886551667651e-08
1.710884725019154822e-07,-2.744567967577640791e-06,-7.935356447642198229e-04,-2.327719408273886685e-06,6.546733926655833014e-05,9.390111884104984240e-05,2.513212940220826109e-07,4.720653986296163790e-10,-2.818890892370117798e-05,2.428369229015471151e-07,-5.477336576536498224e-05,1.660602804322449721e-08,5.077653104511478125e-06,4.817174824018764025e-05,1.228527024288330986e-04,-2.132486003441778331e-08,-3.081791126952589593e-05,-1.169516856110061181e-04,-2.979679368729040048e-08
8.071354151512739144e-09,-9.976884353646293366e-07,-3.046354008525906359e-04,-8.306390976929621923e-07,2.452575947547752281e-05,3.536787463359893996e-05,1.169108228697138128e-07,-3.930340763086203803e-08,-1.082214970180061542e-05,3.104532720989428067e-08,-2.107912475014298140e-05,1.295161191423042679e-09,1.898334059351102872e-06,1.856946723904053317e-05,4.710605689299145654e-05,-2.311073606654429089e-08,-1.193879304948407047e-05,-4.484509973217091491e-05,-4.509083370351575401e-08
-3.874249500796720453e-07,1.375051319608897563e-06,4.558300564516401879e-04,1.321295671619514629e-06,-3.625798183277513862e-05,-5.241457869216531690e-05,-2.631841897806025422e-07,8.691350237188511710e-08,1.573280656127625803e-05,-2.455730840830302575e-07,3.176202267415029586e-05,-2.693237457794577819e-07,-2.875740238454568606e-06,-2.775472495770403875e-05,-7.054646772762884310e-05,6.380784030172372369e-08,1.741828325068975054e-05,6.734638165218553775e-05,1.080035942026830482e-07
6.904257398842690424e-08,2.176495330015599423e-06,5.985145653320079551e-04,1.735153034849752152e-06,-4.997907385935870990e-05,-7.167731070616729526e-05,-1.291119641688889730e-07,-3.065285199875800723e-08,2.138389173189093987e-05,-6.100650840744234290e-08,4.116605513066082472e-05,1.864893117563802120e-07,-3.828501737456522500e-06,-3.643861392891766459e-05,-9.258110346959004663e-05,-1.140631038035351817e-07,2.339211669413350831e-05,8.809032082397532867e-05,-7.179829023956795493e-08
1.479669431586826982e-07,-1.705402693228104424e-06,-5.154565423697141015e-04,-1.378531393287458492e-06,4.214693785461632734e-05,6.073054156725411198e-05,2.244102032157809064e-07,-1.093205927783562891e-07,-1.814619369457659502e-05,2.209478832553479023e-07,-3.555268942707058918e-05,1.170898874411101142e-07,3.360339623677360484e-06,3.164869707583054247e-05,7.977476107827048669e-05,8.456398658493027579e-09,-1.994783572104487170e-05,-7.599057855609518556e-05,-1.670093853136184192e-08
-1.019875671128977830e-07,1.431288540958104905e-06,4.157552698233334012e-04,1.153683588369727377e-06,-3.440445839440978300e-05,-4.929977631881211491e-05,-2.153377047207840138e-07,2.949628337633146347e-08,1.469313535923528799e-05,-3.176113553154996310e-08,2.850480461273872753e-05,3.509499676358940937e-09,-2.810198874195658413e-06,-2.522826857352820017e-05,-6.443547977570745968e-05,1.478095703689586149e-08,1.630024336671386602e-05,6.110841403109816842e-05,1.117402272411233566e-07
-1.710159407113961270e-07,-3.249402590812295429e-07,2.543488603962582527e-05,-1.914564186891406572e-07,-1.904513816028674895e-06,-3.003834819353204410e-06,2.660387517581388189e-08,-4.568760956827662247e-09,8.001693254827034146e-07,-4.336891880032953885e-08,1.871138949677361988e-06,3.274838843169867402e-08,-4.842781479198757634e-07,-1.303915534170504282e-06,-3.766612500140580463e-06,3.260586688672320840e-08,7.075025574925686776e-07,4.069987452199414220e-06,-1.820276144741177685e-07
2.329249263136916367e-07,-1.305682714781336464e-06,-3.693583163685758915e-04,-9.896589806334020148e-07,3.011213670005181704e-05,4.319087252028506508e-05,7.839354595689395194e-08,-1.049036068218722415e-07,-1.294309201126091297e-05,9.263858789071530714e-08,-2.581691110867424940e-05,2.501654154028197136e-08,2.176098181459838811e-06,2.250980653954274752e-05,5.706422624247661784e-05,-1.003337225160447921e-07,-1.429169823686805785e-05,-5.431989080629113083e-05,2.179625884540400193e-08
2.466669758436454075e-07,5.592143658094516781e-07,1.138528270862005466e-04,3.411930729321419970e-07,-9.748536152072639625e-06,-1.400559965324334633e-05,1.315663011852002946e-07,1.704078074293950620e-08,4.360829556110997623e-06,-1.024874994764787506e-07,7.586963972473337806e-06,9.758350864864874940e-08,-4.928018824425746256e-07,-7.021302663776488693e-06,-1.760466569498708269e-05,-1.070449550239975805e-07,4.495992564873512412e-06,1.677779314205203790e-05,3.675601793951323909e-08
-2.704478440678962592e-07,-2.588309636659317817e-06,-6.772120071664527140e-04,-2.056048147439984640e-06,5.751674367223290129e-05,8.199620186628545266e-05,2.126645709084301642e-07,-1.354310070809865298e-07,-2.451234638934766420e-05,-2.440251965701963611e-07,-4.631888288382009510e-05,-6.458832600294326785e-07,3.967235567293643301e-06,4.136368922174506185e-05,1.045816985098854923e-04,-1.741495243922292155e-08,-2.655741922461166992e-05,-9.930934747880325254e-05,2.361103747969512087e-11
1.500951776468955742e-08,-2.213846846671638452e-06,-5.975971159707592047e-04,-1.547165412280344489e-06,4.970813212771274129e-05,7.119526521016058033e-05,1.545587093266189264e-07,2.860596119830537400e-08,-2.126863316165151347e-05,8.718287848518413961e-08,-4.120707400414612745e-05,-1.653569983455518378e-07,3.557184076983855294e-06,3.648464449673808767e-05,9.257644806311867412e-05,4.835830032324280584e-08,-2.346594891237881479e-05,-8.791028365278267588e-05,-3.091502241044257596e-08
-2.122054477089638176e-07,-2.006017076924964061e-08,3.892587953245774015e-05,4.990996767020970388e-07,-3.917804842398201608e-06,-5.517011466742720580e-06,-2.969237757401450360e-07,9.258609408618455969e-08,1.020893583929087522e-06,-4.819471146116692233e-08,2.362994164524996185e-06,2.664958888274004939e-07,5.502267956191940464e-07,-2.272991662500910000e-06,-5.948128784976456275e-06,9.508412288763613214e-08,1.268496134271221394e-06,5.620108393412572005e-06,1.736924110370169543e-07
1.044590672358669260e-07,-2.375188814107137983e-07,-1.600038126386879624e-05,-2.108682800922302570e-07,2.457102134152064924e-06,3.209455304217362213e-06,-3.695519636420379749e-09,1.101687605397750692e-07,-5.878583364672850715e-07,3.774611849317723468e-08,-9.305374245972609761e-07,-1.937802546444496658e-07,1.650680667354572749e-07,9.617412061675151800e-07,2.399482700782752031e-06,1.169930982074013564e-07,-7.878481727500663527e-07,-2.155208809136483062e-06,2.190016666621425664e-07
1.041989543180340949e-07,7.110675725046677697e-08,9.996048742924927455e-06,3.022766877956663054e-07,-1.443721834487560895e-06,-1.837190461106739049e-06,1.814898335702558218e-07,-1.148363678375219630e-07,5.752324678407047100e-07,-4.158062888730549346e-08,7.050183079123077900e-07,2.548817822732081699e-07,3.465927175662413576e-07,-7.248492005810824875e-07,-1.629623071378606337e-06,5.135862363673315802e-09,4.389089595434022213e-07,1.512985501742197780e-06,-1.346036267390619738e-07
4.061867594086653610e-08,1.733761663387249467e-06,4.739757507130245282e-04,1.490994196348037698e-06,-3.983140610095221499e-05,-5.699774519171516848e-05,-2.428316749074290389e-07,2.923611868473218579e-08,1.697081128850589347e-05,-4.396279340672999935e-08,3.252788957679600364e-05,6.462067218215482714e-08,-3.239811859626486973e-06,-2.892901689949380826e-05,-7.326711151294079661e-05,1.496373036171874062e-08,1.857897735353077607e-05,6.960692224788530278e-05,6.296427319362263098e-08
8.262111698589330588e-02,5.459668621475051165e-01,-3.035968678470912230e-01,1.882600048737230747e-01,2.868709844913050130e-02,2.948880027509651058e-01,1.191805778358177165e-01,-2.006595790853703820e-01,8.950025123108577840e-02,7.426680266554812337e-02,-3.864043002926364351e-02,-1.229617564463990481e-01,-2.063435344141527905e-01,-7.888014120080637515e-01,-2.896977365820386230e-01,-1.938353679508184602e-01,5.713151132302662916e-01,-5.662876663508288333e-01,-3.183437248247047990e-02
-8.265525049252690963e-08,1.909096562212527857e-06,5.456328666604002339e-04,1.541685228305526674e-06,-4.519973671166603569e-05,-6.467733018246649612e-05,-3.239243171902241127e-07,-5.734383480930648908e-09,1.933256717022683745e-05,-7.662571502208460982e-09,3.748042887419990722e-05,4.598315950715329703e-12,-3.556980193159187597e-06,-3.313516520484589069e-05,-8.447717552840781929e-05,5.372895921429504860e-08,2.134726515661845768e-05,8.012114583014455103e-05,-5.063638023814353112e-08
-2.049641550095945552e-08,-1.464309449016579585e-06,-4.094676681451827368e-04,-1.282109747008975445e-06,3.459981508869046314e-05,4.928221626729878109e-05,-6.809282849934100797e-08,1.648593623497504161e-08,-1.460561900259170892e-05,2.150130064925839865e-08,-2.812348869756747496e-05,-2.389392917843802658e-07,2.273409296571652756e-06,2.499033581213080829e-05,6.340156673490639834e-05,-8.566915370952412321e-09,-1.596242052265917921e-05,-6.024439580489976160e-05,3.061170824724968755e-08
-2.384512528466089641e-07,1.252359797974430756e-06,4.016978293899857943e-04,1.026190210253763315e-06,-3.357243881636686605e-05,-4.797079993806052417e-05,-1.579812306606458395e-07,-5.402147351885961360e-08,1.403030404611137024e-05,-1.679037577129649540e-07,2.771946190631643540e-05,-9.083704073676649685e-08,-2.926192251500983975e-06,-2.437165734302274104e-05,-6.214940385947306247e-05,1.994244855782280327e-08,1.553827860248835520e-05,5.927247258624770027e-05,-9.917450134106132619e-08
1.289277789375078883e-07,-1.729975765873825050e-06,-4.735125372365042956e-04,-1.337564320292023153e-06,3.971556221423910729e-05,5.677629879229505075e-05,3.087126588709473573e-07,7.195605993743538557e-08,-1.675498809146726465e-05,9.515588052119934059e-09,-3.244848605260636470e-05,-3.187616201424669618e-08,3.354217599088864344e-06,2.884140369003330973e-05,7.347734825198045012e-05,7.292043921712634597e-08,-1.862519885166509637e-05,-6.952728445404807145e-05,1.047965092826296565e-07
2.507739505508479687e-07,-1.830388849275023314e-06,-5.552529598213920732e-04,-1.576191180381159559e-06,4.611003086396092042e-05,6.591476025814652312e-05,2.881625161797744072e-07,9.330389912754290301e-08,-1.968120577352830313e-05,-4.410003619051041142e-08,-3.804228890918953323e-05,-1.224596001157114811e-07,3.780947257295135807e-06,3.393477332982073008e-05,8.605081109210673158e-05,5.586401474785785076e-08,-2.178860729361093622e-05,-8.150216282410349070e-05,1.248660437956818379e-07
-2.146722278491685103e-07,-1.151200115122165635e-06,-2.525204836884414059e-04,-7.465545285437631622e-07,2.106353324543174308e-05,3.015428609231038444e-05,9.452991204134308110e-08,-3.663036876869277839e-08,-9.078251066670339460e-06,2.464528830792141332e-08,-1.732062722241315439e-05,-1.524883612805091760e-08,1.497981352996650734e-06,1.549579807333817879e-05,3.900445824677802200e-05,-5.330043336918243007e-08,-9.913916155115140059e-06,-3.705642068721567322e-05,-2.755788644250102611e-07
2.485670386303975051e-07,-3.663150183987178100e-06,-1.003423963022423773e-03,-3.131412354846639417e-06,8.367238469179459485e-05,1.196668115904851135e-04,5.659032013712757394e-07,8.731774668538441846e-08,-3.548156576364381416e-05,8.247775620390384000e-08,-6.884615974379791278e-05,2.169927874358021153e-07,7.035742762656018695e-06,6.030463127792451032e-05,1.552374171513375254e-04,-1.285298783476984562e-07,-3.938373199931971861e-05,-1.474191390658875821e-04,5.064674798259881576e-08
8.340607294937381945e-08,4.450449320868792336e-07,7.934059245468211112e-05,2.682217982296323920e-07,-6.767585969523262691e-06,-9.530774164438257561e-06,7.563434502758286854e-08,-5.220936867894138244e-08,2.921053659185826329e-06,2.509873455922313054e-07,5.378343122445047382e-06,3.032299416611185266e-07,-5.315289693740002655e-07,-4.888326925778144189e-06,-1.250623750407836357e-05,1.486367960598331474e-07,3.268705921419281228e-06,1.153566557355180543e-05,1.136134982810675874e-07
-5.399677104969007629e-08,1.085599641081253013e-06,3.378898531092164250e-04,9.988019214980898404e-07,-2.793283929073397400e-05,-3.994904635825413582e-05,-1.193687577686151998e-07,-7.380933019767934355e-09,1.197212936309145500e-05,6.554003311754365264e-08,2.321394456319508161e-05,7.617950282924044246e-08,-1.994814695515604193e-06,-2.066488244843406880e-05,-5.237544370800337602e-05,1.524658667878370378e-08,1.322614699201265265e-05,4.976705186205083385e-05,-8.440217295325694595e-08
4.051983240484675003e-08,-4.980290215729650237e-07,-1.686522698740689581e-04,-6.007702026634817981e-07,1.398486983185408372e-05,1.999261132891173550e-05,1.074747876631032859e-07,8.583042160539525280e-08,-5.984916553882314711e-06,-9.283053273413065742e-08,-1.140486479760060730e-05,-3.525910040842062305e-08,8.976753455623493332e-07,1.040146834059900835e-05,2.631444552156752675e-05,-3.670376262275908318e-08,-6.606825383289127353e-06,-2.461567509945337444e-05,8.197388252035400382e-08
1.602902112246957245e-07,3.973957073847320952e-07,1.911491747532139703e-05,-9.143684263627507890e-08,-6.474215712574316737e-07,-1.216384794720433090e-06,2.475096388726028416e-07,-1.884208353691299048e-08,7.233640602013858922e-07,1.341354117637197412e-08,1.593161762842244716e-06,-1.321398185509529964e-07,3.816441480016717058e-07,-1.316709673185663343e-06,-2.822538933362642507e-06,1.811635658741641178e-08,7.407794946297962179e-07,2.863927003436750547e-06,1.025069788175706720e-07
-1.697865318092062323e-07,-2.147978867786158080e-06,-5.283050674006340829e-04,-1.627987530406393698e-06,4.452586923425193050e-05,6.373690827214410141e-05,1.305247021014753578e-07,-2.729641210288071510e-08,-1.894764678309348666e-05,-8.389953740919630120e-08,-3.612640980905782243e-05,-1.783453161902534017e-07,3.274272799426347938e-06,3.226456130452612142e-05,8.193516950060190267e-05,5.539076556563471780e-09,-2.072045798206606382e-05,-7.779003868227866547e-05,1.090535702967589892e-08
6.412725410636912432e-08,1.673201441900333515e-06,4.122610814014298969e-04,1.154773195777413833e-06,-3.360613847419017288e-05,-4.819295339503775784e-05,-3.067506871955941693e-07,4.038255917111074041e-08,1.474092906427646070e-05,-4.779506823706557024e-08,2.836077554937513028e-05,-5.108196122528205871e-09,-2.488002746036181171e-06,-2.513224974951108661e-05,-6.393365601746130004e-05,8.614639684617842644e-08,1.626148047884262815e-05,6.057019354701380864e-05,7.504177962806191744e-08
-1.439981905400720894e-07,3.832995266115212532e-06,1.103011487367545505e-03,3.261386095773185100e-06,-9.126525490751679444e-05,-1.306601390454518823e-04,-4.731249310387551299e-07,1.300175315658006076e-08,3.905793077884827183e-05,-1.032058817413772830e-07,7.584459205382781250e-05,1.896552146294491573e-07,-6.755059884885727618e-06,-6.730425870114041639e-05,-1.707672684726409284e-04,2.750817176444835867e-08,4.311712212495635469e-05,1.622690909812367734e-04,-3.623147051826758378e-08
-6.025570928183266068e-08,2.766317891342362972e-06,7.256110047683811404e-04,2.089029366950228072e-06,-5.988976406780733739e-05,-8.575716029417920132e-05,-3.226546133839625748e-07,-5.567102389666637811e-08,2.566107362613796947e-05,1.107376981970716434e-08,5.009705972405741715e-05,8.438429426434495801e-08,-4.539264943927708906e-06,-4.438639186080602263e-05,-1.124900506805521507e-04,2.881178828408183277e-08,2.855017906811421448e-05,1.065297746831152465e-04,3.502957036723201300e-08
9.721994995990464688e-08,5.181409634579157576e-07,1.509316654246858750e-04,5.488917329576754843e-07,-1.290521968272923666e-05,-1.845737157961932764e-05,-1.649261070931316778e-08,-6.107380603080932049e-08,5.539535111626509678e-06,1.108834978412931912e-07,1.039380334180532469e-05,1.954354982177777916e-07,-8.123778109384139545e-07,-9.228100513352283817e-06,-2.329622530589425041e-05,2.135132318049283209e-08,5.841088410635810840e-06,2.220624089953465854e-05,-5.343688304724435096e-09
-2.710285403781416169e-07,1.802148848753367174e-07,1.546103163502470358e-04,2.862213455287741742e-07,-1.238458110555677799e-05,-1.799302118650754036e-05,-3.892184238412738221e-08,-4.593795353724795709e-08,5.207670932204659397e-06,-1.188555875461997857e-07,1.086630331529729237e-05,-8.322794517027454167e-08,-9.203933975342315008e-07,-9.239202185277959128e-06,-2.397977363804418613e-05,1.232638296634034566e-07,5.733091937896946990e-06,2.315065882425322287e-05,-1.825582297202226880e-07
-1.309838088624785088e-07,1.244345384412412910e-06,4.339558938805810197e-04,1.260794661926349823e-06,-3.592849103083690736e-05,-5.136249106756391201e-05,-1.990947931905288521e-07,9.645619422079650443e-08,1.523085284621488844e-05,-4.366499800120634061e-08,2.948607480288487279e-05,1.762051131773233447e-08,-2.848610958886633719e-06,-2.634754748220484880e-05,-6.707519129205750214e-05,-2.285373511342551519e-07,1.671854695077448156e-05,6.388346494646140225e-05,-2.069899127756340000e-07
-8.599843934204305235e-08,-4.077259330860497781e-06,-1.090680176637629558e-03,-3.393833767729915611e-06,9.124600431167874046e-05,1.305253625447767396e-04,3.868853792568607939e-07,-1.427030720869873725e-08,-3.898952725114506271e-05,-2.840771970976249774e-07,-7.491109559862194284e-05,-5.229566520363517925e-07,6.733738549468008972e-06,6.638912889031608111e-05,1.687317296771751623e-04,1.574465211996452734e-09,-4.282654155909810286e-05,-1.602364726009879550e-04,1.296248604796115675e-07
3.332772445936225655e-08,1.239442953672697795e-07,5.415364934441652893e-05,7.424203841436451048e-08,-5.018698038953471733e-06,-7.068380137979444740e-06,4.367009378712031486e-08,-7.003690186001862932e-08,1.968216976065494090e-06,-1.980631418499704047e-07,3.787057666067807193e-06,-2.412506007585875725e-08,-4.280764369166429565e-07,-3.260588915706131436e-06,-8.374600707689552117e-06,-2.171249159917088445e-08,2.050083577792669635e-06,8.024577423220682738e-06,2.249632738032959892e-08
-1.241847347050437402e-07,2.132404415992897670e-06,6.683553226560190160e-04,1.857019555704718563e-06,-5.443103731946909683e-05,-7.831701346088789728e-05,-4.805746436981997581e-07,1.156136520383372410e-07,2.347827998475376655e-05,-1.833027242369541467e-07,4.612060753829451274e-05,-1.242383537918085040e-07,-4.433251390575934582e-06,-4.061780788065992668e-05,-1.033236188947285293e-04,-2.869847460409098620e-08,2.603894385295471041e-05,9.841149096342592369e-05,-7.281069437259087359e-09
-4.533808803848205707e-08,1.896685374790740276e-06,5.248828920292967354e-04,1.658701348784003230e-06,-4.372228616815911474e-05,-6.260119444813766465e-05,-1.225507987573492362e-07,-1.004792443729447100e-07,1.865390425850098973e-05,-1.268631810535531525e-08,3.605249686958543313e-05,2.444480090731302033e-07,-3.171276467259958118e-06,-3.196523650931558705e-05,-8.129788583607677798e-05,1.372440942304587968e-07,2.057118016546100067e-05,7.724916773739250316e-05,-3.749398990387008182e-09
4.872724256406630614e-08,-7.457859263634488160e-07,-2.442587592843943828e-04,-6.914867790279696323e-07,2.012434511553143782e-05,2.884421092608492769e-05,7.395912066937523046e-08,1.458111043079632674e-08,-8.575297498827039484e-06,-1.754074331222267941e-08,-1.690923783987019122e-05,-1.566625484363686165e-07,1.461436449141302961e-06,1.496442935449659827e-05,3.777125267573776306e-05,2.824574200469222248e-08,-9.478925900892457135e-06,-3.592982010216946392e-05,-1.432587177461495018e-07
4.674480755567067388e-08,-1.701378507777849192e-06,-5.353209651649849798e-04,-1.475807760772093089e-06,4.441277193966072654e-05,6.381646763807419264e-05,1.847038150176615118e-07,1.339612907246846570e-08,-1.892312585089037615e-05,1.813381824031458117e-07,-3.679351274595672809e-05,3.007143666907945962e-09,3.604248120272770239e-06,3.236438564073465464e-05,8.283297071236699657e-05,-5.973210911804462261e-08,-2.076998067898057509e-05,-7.892802336340731936e-05,-7.292714584334972875e-08
-6.117448309771358266e-07,1.603032431083597234e-06,6.830645887566323595e-04,1.766110581098022749e-06,-5.704048222558449237e-05,-8.175249643635686570e-05,-1.143739765487989145e-07,-2.815871649710663158e-07,2.364127239834950205e-05,-2.533010096873130588e-07,4.716719328392192585e-05,-3.021864068182379767e-07,-4.926487792221651524e-06,-4.135965512131474210e-05,-1.059064017406024805e-04,1.630745995660750740e-08,2.633591890690628999e-05,1.006781403973092305e-04,-8.898069223109551685e-07
7.240330371939912815e-08,-5.561619641255095330e-09,-1.653953415753035012e-06,5.293694286987223200e-08,-3.207931312323961198e-07,-3.021748555808370091e-07,1.096002252239537884e-07,-3.449579913330566021e-08,9.329097437367950317e-09,8.169821715905795227e-08,-9.613660014078538660e-08,2.140093136954135646e-07,1.008312761230151310e-07,-6.397939063358153817e-09,3.143275903137842840e-07,-3.709675269245277448e-08,1.339200845860941522e-08,-3.195147436529210340e-07,-9.343585105188302375e-08
4.860031418952969603e-08,5.423774685155438409e-07,1.369774011796486240e-04,5.282323786358357734e-07,-1.178041813914327705e-05,-1.680120037640471219e-05,1.167119678990854438e-08,2.423521536812555625e-09,5.007016744494703927e-06,6.244012909917703642e-08,9.405582251676661043e-06,2.364664794542999390e-07,-8.156610240092770704e-07,-8.465680758540314671e-06,-2.122149539211641984e-05,-2.528411097544813024e-08,5.409664687821641835e-06,2.000629519808935598e-05,1.546729829402921340e-07
-2.805062891733637554e-08,-1.987921134735938501e-06,-5.032032325068760839e-04,-1.467978685637728394e-06,4.071032869140615959e-05,5.861001198659360542e-05,1.157649888488507734e-07,7.118393500542565540e-11,-1.799735502334106189e-05,1.351860862443389071e-07,-3.467605626461435774e-05,3.598379301319330380e-07,3.321737239186838509e-06,3.063690635901967276e-05,7.777943378872620070e-05,1.870721843914317936e-08,-1.979553016824381906e-05,-7.395660273086366752e-05,-9.658282175315885116e-08
-5.235212646348796834e-09,5.907786435572544537e-07,1.584494968067791875e-04,4.213500716326581633e-07,-1.295756696134396498e-05,-1.861519952619500844e-05,-3.082120480386304027e-08,2.151785034035499527e-09,5.587249274604290530e-06,-6.996045335865777244e-08,1.092085785373868665e-05,-7.026651833429297602e-08,-1.043761045450277318e-06,-9.638589424081908186e-06,-2.453527158370570751e-05,7.577792646567735815e-09,6.210248475900690830e-06,2.326785469866017686e-05,7.926211101469376271e-08
-1.720604641981510057e-07,-4.048912571250903301e-07,-8.378157706997598170e-05,-2.529546214702781774e-07,6.744158435747090519e-06,9.649651141274715466e-06,-2.538759687051850639e-08,-5.770789653806033170e-08,-3.160562496096835111e-06,-1.188599672913656950e-07,-5.864736422436263607e-06,7.416493904059809374e-09,4.997884460661624631e-07,5.295453248412467965e-06,1.295812072809079715e-05,9.911510665682038163e-08,-3.383526919568618522e-06,-1.228888588890783111e-05,-1.316782458779136360e-07
-1.393683874491559842e-07,-8.913726404380932902e-07,-2.369421270315379266e-04,-9.201414438928065807e-07,2.000077997092095434e-05,2.860184273625530454e-05,2.236286998297769309e-08,-2.402736682069646439e-09,-8.513619831779579208e-06,5.038775369284696908e-09,-1.611676826683651733e-05,-2.224968003464098728e-07,1.053478284027633765e-06,1.423209362463496494e-05,3.663280511043472555e-05,-7.988016955402111841e-08,-9.154610574094944783e-06,-3.491238860221201450e-05,2.054558021583065138e-08
1.564013901538743318e-08,-2.026773409993290352e-06,-6.050036439331243866e-04,-1.731468748530852056e-06,4.776422654800350690e-05,6.898530059355462271e-05,2.010048754945072931e-08,-8.540336558307731857e-09,-2.111019045311146521e-05,4.731489785987684078e-07,-4.153206597666878443e-05,4.936602560610093118e-07,3.084099775885835493e-06,3.699549954628936503e-05,9.354058786630094235e-05,1.767822281936856582e-08,-2.340125040396074846e-05,-8.906149276707060346e-05,7.918331844294594418e-08
6.198780016272171415e-08,2.434015734767083933e-08,-2.841345923310668864e-05,9.905700290263968633e-08,2.132377454361089579e-06,3.242863814203927133e-06,-2.207317006458017595e-07,-5.717976064330130988e-08,-9.134648983803013371e-07,1.726433506730273050e-07,-2.129564991461620745e-06,1.158816693580134127e-07,5.037985505386568178e-07,1.689573158453919797e-06,4.330931877252890815e-06,5.474679843392918425e-08,-8.696429855557831820e-07,-4.430775605495730605e-06,-3.329607093722701227e-09
6.836461955944409712e-08,2.986054188268732140e-06,7.496164322235679585e-04,2.376828902689827308e-06,-6.293939151356289070e-05,-8.979225214100593341e-05,-2.206978460434897743e-07,-3.898428683781156961e-08,2.666352572232824866e-05,2.053093449947093096e-07,5.117583224419577659e-05,5.324825521408594686e-07,-4.551876277951818349e-06,-4.564932435923162212e-05,-1.160525748002635857e-04,-1.384016848699752078e-08,2.948968637899770088e-05,1.099427909309191328e-04,-9.488921434044904330e-08
-9.840568033665663808e-08,-4.126284276509494468e-06,-1.103162801772676876e-03,-3.357941439659732088e-06,9.262767527389473656e-05,1.323350404781326452e-04,4.625304807849011688e-07,-2.195266476998484534e-08,-3.934776597321745849e-05,-2.544485902109104885e-07,-7.559620832233174216e-05,-7.869650899140187858e-07,6.666434772600546106e-06,6.715107473218546812e-05,1.705965062903057046e-04,-1.567676287937530580e-07,-4.334536918913444955e-05,-1.619202072049267410e-04,1.251874671858838101e-07
6.215362055667783491e-08,9.326936445872687007e-07,2.203016465116412097e-04,7.561319189638792409e-07,-1.974313783656850432e-05,-2.788928254832333763e-05,-2.010219323523719826e-07,1.208881562473158068e-07,8.078307716553614646e-06,2.768494359133948116e-07,1.506980925239160049e-05,4.556002558856604044e-07,-1.592001605540303431e-06,-1.338075832089439592e-05,-3.410211060496957312e-05,9.025575066384062599e-09,8.814259731180428367e-06,3.230770948505845233e-05,2.518819095098219503e-08
-2.460552660765908044e-08,7.917134255785918711e-07,2.395486800762356057e-04,8.357503976200255368e-07,-1.983213206703952403e-05,-2.833764089086625239e-05,-1.392723857421098626e-07,5.525548159566220080e-08,8.462427596582976582e-06,1.316459015190419622e-07,1.647592879787495565e-05,1.182239639646329885e-07,-1.210596214684022653e-06,-1.455277913914811266e-05,-3.702613406794499939e-05,1.107132675848095686e-07,9.353162725659070270e-06,3.520237889461074734e-05,-1.349482192125076745e-07
1.159935204022077109e-07,-2.299911472331562893e-06,-6.888825799464683803e-04,-1.960779969539263108e-06,5.743968411296175840e-05,8.229328238521375666e-05,2.175507810362693023e-07,-6.818115585101313602e-10,-2.431253778111666639e-05,1.285843223342311131e-07,-4.717331129986614445e-05,-8.180919347193764164e-08,4.265861628756479441e-06,4.188057228740355454e-05,1.065378352263894206e-04,-1.720119670402493957e-08,-2.689232356311140265e-05,-1.013609354164148236e-04,1.347620399939798313e-07
-1.969743663582171470e-07,-2.649747334297764041e-06,-7.019562343789757537e-04,-2.026937737893637984e-06,5.822606037403096435e-05,8.349303841530145241e-05,2.793476518677114822e-07,-5.516222938576374675e-09,-2.509164859601425570e-05,-4.700408617035312678e-09,-4.839247951964394275e-05,-2.352328272367585273e-07,4.388736240665502109e-06,4.272072398726550822e-05,1.086040312849024766e-04,-1.747072547492569552e-08,-2.761306044106031035e-05,-1.033152541921468872e-04,-1.491545388454153322e-07
8.419929048397665794e-08,-1.691580248779756254e-06,-5.130926002743980453e-04,-1.498463010323079541e-06,4.151535954444992232e-05,5.965316578048995518e-05,1.786211439535269961e-07,-7.606875373735541392e-09,-1.808564141831725048e-05,1.913717543900314437e-07,-3.532693601420597648e-05,1.836831087362698757e-07,2.901523830177449936e-06,3.125509004568602063e-05,7.937593053880713317e-05,-5.400508991810894904e-08,-1.993220603986352036e-05,-7.549362221290032034e-05,-9.083439756388591879e-09
-1.647348176989963873e-07,5.811617344018135184e-07,2.350954609783047612e-04,1.672828391242396972e-07,-1.792990258915030857e-05,-2.613656650579744735e-05,9.976653034767514035e-08,-1.719649322436704122e-09,8.062407986862279589e-06,-4.632487747487851940e-07,1.650907445381713228e-05,-5.648597756596027355e-07,-1.657232762737138295e-06,-1.432071111739673366e-05,-3.637304209759327316e-05,7.882803900081669068e-08,8.941416713553913402e-06,3.486924088523224013e-05,1.351856324122033879e-07
-5.345734665363778714e-08,-9.610653248699739819e-07,-2.767755467868810641e-04,-9.271090057552668126e-07,2.370843327976734070e-05,3.378154415426087674e-05,2.210995086788711553e-07,-7.091660546984580971e-08,-9.872912248527907690e-06,-1.219799193753519122e-07,-1.875905085709721104e-05,-3.978355085077396910e-07,1.907521301354923354e-06,1.681645021184715553e-05,4.278426312230644330e-05,1.341566570723523116e-07,-1.088777008512176181e-05,-4.058859345874454730e-05,-2.527128823044812890e-08
-7.826805779101866318e-08,2.464206997199316514e-06,7.152784835626176466e-04,2.365305830728119484e-06,-5.968241870189515847e-05,-8.520996905996999456e-05,-5.835287586932588067e-07,4.574376870866087871e-08,2.531925270898468508e-05,4.136128142343808982e-07,4.881840467233037337e-05,6.712494889120798640e-07,-4.611801282093496167e-06,-4.350129774685277648e-05,-1.106764094229647783e-04,-3.581879949881052613e-08,2.819330650924649391e-05,1.050324328107929764e-04,2.194744318038391627e-07
-2.872006451937521044e-07,5.255453043026950617e-07,1.549266958652848825e-04,3.388802792095947896e-07,-1.309523905419521738e-05,-1.861976428053424150e-05,-1.701868192277603228e-07,-2.413135051587843369e-08,5.304606761930122923e-06,-2.275697521148227202e-07,1.060959264777428313e-05,-3.154236769613577736e-07,-1.324215232444989762e-06,-9.325361899294828101e-06,-2.408250731488354376e-05,2.532998061285495543e-08,6.039374503824471044e-06,2.283187125878736415e-05,-1.247854659235605688e-08
1.845743514907012989e-08,2.735985274489606946e-06,7.754228735836647202e-04,2.254666166563292654e-06,-6.370093358506329073e-05,-9.137728863352885078e-05,-3.291545918593185087e-07,2.497806038208162660e-08,2.745628946159819734e-05,-1.380033438681735084e-07,5.337127264901320384e-05,5.772315768590948692e-08,-5.000541928148641016e-06,-4.717928674031578710e-05,-1.200396154647109413e-04,-9.459016973603223709e-08,3.030223998389741790e-05,1.141116619336148328e-04,1.263970219505050762e-07
-1.454976969454812368e-07,-2.515187363388631926e-06,-6.493127746113194028e-04,-1.841820926541539062e-06,5.360954400017836749e-05,7.664715994896101759e-05,1.045225312262989421e-07,3.581157062415330539e-08,-2.330670989118678216e-05,-1.205559169130520955e-07,-4.481136767512136865e-05,-3.837530588181265787e-07,3.773553032777694035e-06,3.950096128773829165e-05,1.003890262944143901e-04,4.235639081687541531e-08,-2.550135849588377153e-05,-9.535073660264359980e-05,1.302025265956384314e-07
1.155880942859065243e-08,-4.021771739003568816e-07,-1.009606251324874509e-04,-5.673528551250385156e-07,8.555871184067953406e-06,1.225582226168995218e-05,1.514873509447506493e-07,2.212804761325517555e-08,-3.762431928571993681e-06,-1.303337757073017985e-07,-6.777058745229180478e-06,-1.605989579625442833e-07,5.259748328578047671e-07,6.302604252911967534e-06,1.562451929297539250e-05,7.913868872440562299e-09,-3.986353412825775438e-06,-1.470857585741270756e-05,1.264163231522916723e-07
1.953784857715378834e-07,-9.483248786203532961e-07,-3.460666708117087148e-04,-9.867998569394509411e-07,2.830736896216757623e-05,4.058396537341356065e-05,4.259756447172894907e-08,3.022365902700438346e-08,-1.221825862231113512e-05,2.621634384662808283e-07,-2.405659711891324902e-05,3.283002144275818913e-07,2.418427162834260603e-06,2.083212611094441722e-05,5.352931382864944374e-05,-5.682412572975384729e-08,-1.345309940341261479e-05,-5.108784880285282035e-05,1.065503648429140359e-08
-1.292417664895294156e-07,-5.444870775022667796e-07,-1.440400451869599510e-04,-6.445726070637700281e-07,1.307848488795423528e-05,1.836187521443885496e-05,1.079570004699357107e-07,5.903422746406674064e-08,-5.319301469285727269e-06,-2.538672895693319205e-07,-9.774444392136143664e-06,-4.560968707510147641e-07,7.070805376088340394e-07,8.757997815593855707e-06,2.218716355767329779e-05,-6.313900778935117420e-08,-5.703251127525329356e-06,-2.099850009295310658e-05,1.627208065489709960e-08
1.326786920582501522e-07,-1.206053627041629768e-07,-7.096615824544560795e-05,4.332212773700487605e-09,5.189974593428630776e-06,7.630545736467980551e-06,1.755989129001927695e-07,-4.415298106039507929e-08,-2.324508033384389228e-06,4.479980146069199884e-08,-5.054712579358090870e-06,1.762534694556644352e-07,4.678695580944624425e-07,4.250051225991709318e-06,1.093183183149811980e-05,-4.207415078988349361e-08,-2.731637493508646864e-06,-1.054422030959839370e-05,-1.090474497034948081e-07
-4.106100289766524184e-08,7.000340142108053295e-07,2.187366575690857719e-04,6.681871184689560632e-07,-1.849351767568035540e-05,-2.637009111934224517e-05,-7.922937554078009670e-08,6.598802121378041392e-08,7.809013009412971946e-06,-2.178578010668701580e-08,1.489125325628381861e-05,1.218033487098445404e-07,-9.568321215480760998e-07,-1.329502480852928375e-05,-3.379521395777781610e-05,9.523451324288388759e-09,8.441755741952878685e-06,3.221585695104112299e-05,-2.023903330279306647e-07
-8.550615410240580781e-08,8.846852417035708822e-07,2.573019264325907799e-04,6.751604032401566556e-07,-2.065583844913246463e-05,-2.983546167080882935e-05,-8.741817882168698797e-08,1.933176127817587153e-07,9.038159496660928539e-06,-1.651683168633771844e-07,1.775373696942278857e-05,-1.071685125317445219e-07,-1.712859667173583371e-06,-1.562301596051340069e-05,-3.977700292214919880e-05,1.267151393398461601e-08,9.940561414630135083e-06,3.798950274254069779e-05,1.681330452917235124e-07
-5.618337666795445417e-08,-2.517905916196327448e-07,-6.010694833506859878e-05,-1.787639849447079362e-07,5.047491284847428189e-06,7.066958050569075201e-06,4.255003589733676004e-08,1.840155749306063080e-08,-2.209056792231985509e-06,-8.335018411707397667e-08,-3.991820465792777588e-06,-1.566818784066928712e-07,3.196429939035542118e-07,3.711123846827322732e-06,9.332897284033928680e-06,-3.774219591265955854e-08,-2.539283991478044255e-06,-8.648487418117321016e-06,-1.279202536849258904e-07
-6.668220496833298867e-08,-8.461657942347719651e-07,-2.136998844002765659e-04,-7.623571015541580950e-07,1.642011940190548594e-05,2.381205246125687764e-05,4.591977264537967820e-08,-1.160566045300331806e-07,-7.573191944295592659e-06,4.923625419702588527e-08,-1.434765541520260480e-05,3.887524386277098194e-08,1.349062613314605547e-06,1.291550366906868243e-05,3.300743172239603004e-05,1.113890550182247014e-07,-8.457592699206797180e-06,-3.134382468332188389e-05,-9.163185912971947044e-08
1.346586053801747885e-07,-5.305000541567339472e-07,-1.648940309286314656e-04,-4.683896646190709432e-07,1.336326063658885853e-05,1.907972721649629872e-05,7.347770280004741645e-08,-4.569309682784790421e-08,-5.725314392344859893e-06,4.312697732131436720e-08,-1.121212212773008235e-05,2.758626602687107312e-08,9.140989924229620996e-07,1.001043926723052271e-05,2.557147734727867466e-05,-8.432530318404782825e-08,-6.418559849452573289e-06,-2.425052926861204740e-05,-3.174572446662797891e-08
2.780043006335540974e-08,-2.810201157200018009e-06,-7.849049242600007878e-04,-2.319519015205087039e-06,6.542624179245324018e-05,9.361090899282323871e-05,3.461054428717429661e-07,-7.030203460718202304e-08,-2.794420516031822702e-05,-2.725104533867159677e-08,-5.386104157139553469e-05,-2.709499535047566899e-07,5.064690982674528420e-06,4.776215233420034274e-05,1.214345697151136166e-04,-7.488759104799274183e-08,-3.078077876014441081e-05,-1.153632441876648935e-04,-3.053845350687317856e-08
-1.327822703690530004e-07,3.494120166655826929e-06,1.029745791550391518e-03,3.066154307945688486e-06,-8.450317794268509628e-05,-1.211124557993699966e-04,-5.639522264244878540e-07,1.002293438940316462e-07,3.636733016575853576e-05,-1.313099963713359763e-07,7.085291885979690346e-05,-3.604706371580116197e-08,-6.811906372531091971e-06,-6.276818731485857652e-05,-1.593801437315111311e-04,4.424754337352593587e-08,4.034519470666431232e-05,1.512832910202300987e-04,2.372831372723222988e-07
8.669142149295062012e-08,-1.137772633035226908e-07,-2.551683116995502720e-05,-1.124366880571250098e-07,1.848525402557537620e-06,2.781156895793379091e-06,3.292321128279871225e-08,1.408897468415594416e-08,-8.766544114378732767e-07,8.886694848182268229e-08,-1.770099578408865721e-06,-3.105159403293371501e-08,7.573706966825805163e-08,1.530200228050966989e-06,4.086524972113137474e-06,-3.392702533040387685e-08,-9.781102901148954216e-07,-3.861381186117503096e-06,3.091815171296419299e-08
1.719404400841229955e-07,-2.779257739369073772e-06,-8.236595775013819164e-04,-2.402228189419524970e-06,6.785192447503723804e-05,9.733193775334948055e-05,2.959122491795679802e-07,2.095135010212967333e-08,-2.905229900304283399e-05,1.825020299624835392e-07,-5.673435024819388760e-05,1.131283947607896098e-08,5.223033210184680065e-06,5.010407284870649835e-05,1.275110317753936696e-04,6.260870997402486964e-08,-3.199146832619442700e-05,-1.213303625864819491e-04,4.282377280824650157e-08
-3.790395150749811686e-08,-1.716122623459342767e-06,-4.629518778651126542e-04,-1.445131935438773921e-06,3.852583198694919811e-05,5.524093950375889470e-05,9.789060161739075598e-08,7.894640824928263878e-08,-1.654358319979903162e-05,1.164022336889569162e-07,-3.172236059617346423e-05,8.077417451988206381e-08,2.961373124191158876e-06,2.811064042974997299e-05,7.169345183590842977e-05,7.389774813032774847e-08,-1.812185670827866384e-05,-6.811373322166367221e-05,1.259866214499392463e-07
-1.467754231375676946e-07,-2.680118199983631011e-06,-7.111332261241272044e-04,-2.234949907539149036e-06,5.977965296828580339e-05,8.540018583751692678e-05,2.844519494566155685e-07,2.408084195136147389e-08,-2.552346862998463355e-05,-1.962922125168264137e-07,-4.886285393817411330e-05,-3.893422420864128695e-07,4.513791840514636816e-06,4.323999305564716462e-05,1.100701175367290829e-04,-4.604536842654594939e-09,-2.791590474069905256e-05,-1.044727313741425215e-04,1.062563657037801239e-08
-1.392518837018876653e-07,1.416538167288478007e-06,4.054874771352747062e-04,1.118152217207080430e-06,-3.381937902233983603e-05,-4.826436566265234927e-05,-3.778911852174888000e-07,8.168118966902269940e-08,1.447819815242777938e-05,1.269696447655499134e-08,2.779382773521568942e-05,3.842258658298796191e-08,-3.069043942361480751e-06,-2.464791735860703253e-05,-6.266204353515598025e-05,-6.026928438991247276e-08,1.607024816609173485e-05,5.935522904650263379e-05,2.944463077920341884e-07
-1.313011305147515180e-07,2.571744883949999705e-06,7.483123670780066636e-04,2.163605592525885786e-06,-6.459910164307494770e-05,-9.163107387654122757e-05,-3.844380458869014867e-07,3.338576191473084976e-08,2.676625463048534800e-05,2.957489166265087366e-07,5.130233761650723821e-05,4.835465462525733428e-07,-5.892554516485420067e-06,-4.518362137604221796e-05,-1.157206991288825093e-04,-6.017158181065227984e-08,2.917684440099609891e-05,1.100302299228092008e-04,-3.266651543241087366e-07
-3.649856476108598063e-07,-8.093228869629664894e-07,-8.146187399851361540e-05,-3.660157194546613190e-07,9.634382237982344209e-06,1.306260662835756394e-05,4.236077462902007890e-08,9.511904802155583544e-09,-3.751616422911045203e-06,-7.417904523881105218e-07,-5.575325735269408652e-06,-8.501633874049127599e-07,1.297952481519808872e-06,4.780195317756854692e-06,1.262743739989001927e-05,-1.997349814290209755e-08,-3.693398258333609332e-06,-1.178268133457722767e-05,-2.174966947996279877e-07
-1.909390030181861127e-07,-4.393966685358508968e-07,-8.740443711302182278e-05,-2.619714447693679732e-07,7.684091989481085382e-06,1.097936665612774065e-05,6.961726501099885754e-08,4.308854822549603696e-08,-3.215955599084031362e-06,-6.315597615182424233e-08,-5.877518922323043839e-06,-8.669863940910737287e-08,2.993293082609700557e-07,5.500419281245779158e-06,1.373091787003365170e-05,-2.800424381791548348e-08,-3.528740670712996045e-06,-1.264376921061681181e-05,-4.351391387832398923e-08
3.839924106498908396e-07,6.701740034445760293e-07,1.032154426648673338e-04,4.162276587221228945e-07,-9.173765989191777072e-06,-1.313790585785917389e-05,8.379311235840144837e-08,3.819401836528478181e-08,4.069439296449349903e-06,1.403660964448904553e-07,6.909912093957831039e-06,3.122784014094209033e-07,-5.830144838819949605e-07,-6.257811806429839029e-06,-1.629170838792554215e-05,1.237688016014393912e-07,4.043625222082980361e-06,1.509345757717705715e-05,-1.018546726873796337e-07
-1.669925217621279277e-07,-3.454828475149568549e-07,4.451672607092687099e-05,-2.755208484307567000e-08,-3.115847536185797048e-06,-4.663080528502907144e-06,-4.366874381587413845e-08,3.821373465286464182e-08,1.098399465862851083e-06,-2.968562405103832412e-07,2.892478282810176465e-06,-3.885850479875568185e-07,-4.234186823855151337e-07,-2.483308825639396524e-06,-6.824636939255106112e-06,7.305687882157761978e-08,1.604590727043219632e-06,6.707758712014912557e-06,-3.072114775708238994e-09
-1.744589429494640745e-07,1.847860575645096215e-06,5.486085043737819059e-04,1.590824831269790213e-06,-4.654492352683060527e-05,-6.633095069838860808e-05,-3.736221145179454258e-07,-2.028705703171703282e-08,1.947519917536285746e-05,4.904278645129377673e-08,3.766429881256014870e-05,1.439284652717934269e-07,-3.883737906148225520e-06,-3.332616749656269349e-05,-8.489422882517604237e-05,-4.114981495261202267e-10,2.146833170283887003e-05,8.062628880047528464e-05,-6.419779630808699722e-08
-2.003291765082881430e-08,-1.243773688431403525e-06,-3.688023940056989409e-04,-1.185352930591136297e-06,3.055583289917809521e-05,4.389596072964661362e-05,2.089962154247930977e-07,3.141664992345373541e-08,-1.316228236501496246e-05,1.544296645588293377e-07,-2.540364344787542964e-05,1.889661732461487986e-07,2.458439518729333095e-06,2.232389671092498875e-05,5.704865177010025903e-05,-3.455973476255611573e-08,-1.439285058761298026e-05,-5.435970093375549464e-05,1.599943182705419448e-08
-8.687420551921637696e-08,8.547838866418879695e-07,2.656638605092311663e-04,6.273548484553267162e-07,-2.231404286200474083e-05,-3.188062414410491570e-05,-2.416099212616409953e-07,-9.509057247573775237e-09,9.363079650621293436e-06,-2.209398421678909706e-08,1.814130010560642320e-05,1.212447044477040649e-07,-2.018407007613120274e-06,-1.607704407165782767e-05,-4.113799296730593670e-05,7.631078713838180660e-08,1.055458712691651995e-05,3.899296254245987611e-05,6.024899080455807231e-08
-3.809412082556174272e-08,-1.651375526355306424e-07,5.242156005348712561e-05,-3.601670520615117726e-07,-9.355403857865998516e-09,-1.096079826313214635e-06,2.114927498138920315e-07,7.147969552567929541e-08,1.345968341170624774e-06,-9.330876997093426236e-07,3.950081380570925930e-06,-1.203067413528398235e-06,1.535417727850460764e-07,-3.455104080092524525e-06,-7.904125442525635633e-06,-2.824965412373338881e-08,1.656147143924350462e-06,8.080104965620976850e-06,1.970510662688326502e-07
-7.391454892113243368e-08,8.967257692843480874e-10,8.443635984793991425e-05,1.263808328196924951e-07,-5.037558113085292667e-06,-7.631284807953851154e-06,5.860073782525207932e-08,-5.836232061412192161e-08,2.522277663482239942e-06,-4.608537980706127565e-07,5.896075758624830494e-06,-3.857929107320923598e-07,2.862308191238401832e-07,-5.244643576684274123e-06,-1.300869431810022305e-05,7.435288236191373896e-08,3.070412127606137958e-06,1.255925196489204512e-05,-9.388815771398486371e-08
8.340043451149652034e-08,-7.146460112733719883e-07,-1.809692356244462050e-04,-4.311855405472868928e-07,1.535922809588418741e-05,2.193243767415948396e-05,7.326368967899412766e-08,8.748805048502197614e-08,-6.385845417265647977e-06,-6.630448296072841700e-08,-1.222426127752282774e-05,-2.331042933471221203e-07,1.487818514893788531e-06,1.075233992253773731e-05,2.799383285033067733e-05,-3.520883688873534567e-08,-7.197036424913264858e-06,-2.655850911045645857e-05,-2.936523426075066257e-08
-1.476187768351343591e-07,1.331357593671399483e-06,3.842777303435238111e-04,1.096669429407298525e-06,-3.237910152628562497e-05,-4.613025273601749202e-05,-2.343919594056676718e-07,1.222070910050073308e-07,1.348331474218526436e-05,5.227306610381994375e-08,2.639031133130185385e-05,1.503336438574602174e-07,-2.539901674359465493e-06,-2.339538113358681737e-05,-5.939125480024251780e-05,-6.663563243851984952e-09,1.500111459745615069e-05,5.642940176116902925e-05,-9.071245613413544769e-08
-1.741751250061213943e-08,-7.914730504852260320e-07,-2.763373936623525874e-04,-7.483158091956767446e-07,2.197415855961582233e-05,3.170927202705315647e-05,1.703657118873514133e-07,-4.150853258618907276e-08,-9.574683147227330043e-06,1.904067427215472489e-07,-1.899101674378108319e-05,4.124536982814450783e-08,1.602671795887055668e-06,1.686557671695860472e-05,4.278198252015890995e-05,6.501999925636608107e-08,-1.078292176304265826e-05,-4.067722193944385713e-05,-9.673910195720985392e-09
3.686727733787604495e-07,1.376704678063892451e-06,3.034487017413521463e-04,1.075387868908180195e-06,-2.428623404933752213e-05,-3.489903257505814208e-05,-2.620979747174457014e-07,6.112309663778384864e-08,1.124097926324830801e-05,7.672098343015610726e-08,2.085992751578624640e-05,2.972173832925716851e-07,-1.616435483817687028e-06,-1.876546916742191030e-05,-4.684393167804231061e-05,-6.225195696910169065e-08,1.210298144174345597e-05,4.438878924147940407e-05,2.462428227476422927e-07
1.479324999657273443e-07,3.126016760862246435e-07,5.768559741262443687e-05,2.049561358746138082e-07,-4.487689082640661235e-06,-6.522704393552541174e-06,-1.347886021970933857e-07,5.392645931894160068e-08,2.087728477227622107e-06,2.216120635084294120e-07,4.018764375041100166e-06,1.520064346734834178e-07,-2.343772717377175869e-07,-3.630132192573450701e-06,-8.979524742713096210e-06,-5.866865881042554411e-08,2.427904499718095465e-06,8.379844322264004349e-06,5.050388819122191391e-08
-3.809898107924494792e-01,-7.911687177161790263e-01,8.251202257472925461e-02,-2.763677412213555451e-01,-4.544619841474768773e-02,-3.525394432888141472e-01,1.646564283463108902e-01,-8.952274451006067210e-03,-4.812515062965423418e-01,-3.357332682198876372e-01,1.304367225475404346e-01,-2.374812525058170032e-01,-1.680662267182392311e-01,5.501491633075215049e-01,1.019886688707441619e-01,8.612665706556736633e-02,-6.870809086102334096e-01,5.809216056446114829e-01,-1.032622220860410223e-01
1.075147507514951085e-07,1.531817202173238384e-06,3.350030730847621506e-04,1.143710690099432751e-06,-2.714145438728703989e-05,-3.898135726525830302e-05,-1.727684461951514996e-07,-7.475445905388504944e-09,1.186408971198771844e-05,1.410223215865946452e-07,2.292856020663264045e-05,1.478180776997781176e-07,-1.824252281895308593e-06,-2.058756686286595429e-05,-5.188044236668822045e-05,7.407834708777619602e-08,1.335784308918509550e-05,4.904444470876901616e-05,2.796444736655416406e-07
4.996934062950452166e-08,3.469436254467173174e-06,9.486863995109283713e-04,2.911214088257669580e-06,-7.953944710195532438e-05,-1.135872978766484456e-04,-3.626744989116392360e-07,4.907357996147528556e-08,3.389240292616361197e-05,1.356606592128672611e-07,6.515821635637315389e-05,4.930415514087072022e-07,-5.935026709422838994e-06,-5.781637303371047176e-05,-1.468352794606421811e-04,-2.661074519011439415e-09,3.713698341435575184e-05,1.394146269228105166e-04,9.232136079783837771e-08
1.199585431270559270e-07,-1.417660071607263645e-06,-4.455441569249659435e-04,-1.324632012982923995e-06,3.687957749317431733e-05,5.284498945793574855e-05,2.735113975977994887e-07,-3.655275406374272741e-08,-1.583793867494848030e-05,-2.709855418935512536e-08,-3.059447535157182427e-05,-1.137950605949532292e-07,2.944485680739889709e-06,2.697940312123006196e-05,6.891497185151717426e-05,-7.345586486673369195e-08,-1.729457030236514111e-05,-6.574136995786850502e-05,1.255551285876436947e-07
-1.385856800067050416e-08,-3.144996638500606787e-07,-7.983000900789962340e-05,-2.978777093064382748e-07,6.431926310643801929e-06,9.235786997381997352e-06,-1.083807978898435948e-08,-3.169894039550220858e-09,-2.877939422250406731e-06,-4.426255122746881516e-08,-5.575478471712245190e-06,-2.219384452762569848e-09,4.153631745370091553e-07,4.894920009108431632e-06,1.234343507094878257e-05,-7.078531139282365056e-09,-3.134613840084254197e-06,-1.168629265827532602e-05,-4.087676716839479986e-08
-1.193929152329072186e-07,2.592097748699692003e-07,1.372788962691984618e-04,3.384877281570045705e-07,-1.178920101805728549e-05,-1.683786835546328790e-05,-9.439389202003443029e-08,9.012244672821670537e-08,4.968619359589745613e-06,4.261602257321946502e-08,9.423999845538635949e-06,-8.837672124453917115e-08,-1.032509071793739795e-06,-8.249298777348736231e-06,-2.121125703876977921e-05,1.373873385769906644e-08,5.223503048562110639e-06,2.027409167982686635e-05,-8.125124764212000730e-08
1.904653011769270759e-08,-8.859426960700426797e-07,-2.663612165501421910e-04,-7.566998160583425314e-07,2.207874099480164838e-05,3.166566525057384858e-05,9.043016637671683433e-08,5.424051709434953489e-08,-9.480735572889647595e-06,4.948485272035567123e-08,-1.824765047003588022e-05,-6.761449508331717307e-08,1.566735927989167148e-06,1.615010784129806214e-05,4.119031923081600003e-05,5.638145982174750946e-08,-1.028500283003958872e-05,-3.931004290619141857e-05,1.507899666852634167e-07
8.150971674444246944e-08,5.723559583489877650e-07,1.343698379121285847e-04,4.554325113016659126e-07,-1.127984611077446145e-05,-1.599896158655505628e-05,5.747272289056510568e-09,6.610308459850499782e-10,4.725789584284701373e-06,9.415457241646254960e-08,9.229240233460673501e-06,7.698282267381755310e-08,-6.699335690898132794e-07,-8.237872179479882622e-06,-2.083131088769474588e-05,-5.017312304229128619e-09,5.372227944224992846e-06,1.965342198597586261e-05,9.235633335292436421e-08
9.424486793855391933e-08,-8.228348954823616909e-07,-2.371492853549643509e-04,-6.293612845799895230e-07,1.956790394625254118e-05,2.810565891297725678e-05,1.765409493367657077e-07,-1.918744784379897404e-08,-8.288407776264832859e-06,2.827556141518151084e-08,-1.630151168654810819e-05,-6.759826140983394150e-08,1.163302298311007224e-06,1.439313697158541990e-05,3.672341362913658489e-05,-3.191873723130613763e-08,-9.129846875734698721e-06,-3.491505816237162061e-05,-3.849269599737746856e-08
-2.142748891084570357e-07,1.247094531059577390e-06,4.213561705397655325e-04,1.309644698087849243e-06,-3.584355305644823557e-05,-5.087046690231332663e-05,-5.252606245799948589e-08,9.106833748351377289e-08,1.485188061612179914e-05,1.000497531317309642e-07,2.889925007925024856e-05,3.064230633689207604e-07,-2.725699018808837313e-06,-2.563561721615083668e-05,-6.517387006338527875e-05,-1.057263429234346571e-07,1.637589638450303656e-05,6.184088037328035702e-05,2.669102715199695806e-08
7.116241142973200889e-08,3.063308511648958128e-06,8.116855057562412813e-04,2.534815109905372688e-06,-6.895239513375889652e-05,-9.821691589365969780e-05,-2.968573056140132741e-07,5.337029427597969440e-08,2.921083076430032921e-05,2.130535283638138906e-07,5.574495115332039875e-05,6.661461466875267585e-07,-4.599655516106113934e-06,-4.955541897323110449e-05,-1.256727410595604084e-04,-1.618234497548025208e-08,3.189155574602036683e-05,1.191731947615808513e-04,4.033881805544390110e-08
-1.071356750569448335e-07,5.420121710628780695e-07,1.655821986768927828e-04,5.313349007767188042e-07,-1.312229759850250790e-05,-1.890035146727175500e-05,-1.793545354576999318e-07,-1.242821815176037508e-07,5.720503695012576820e-06,3.076282250521591085e-09,1.152186707092126939e-05,1.420176089910456567e-08,-1.403902548500049444e-06,-1.021460829360694984e-05,-2.567415036903746811e-05,-6.960738982020199160e-08,6.585477650892421119e-06,2.426974389064704644e-05,-1.766396990709486895e-07
-3.468347842625573892e-08,-1.459998077168539343e-06,-4.307451886955891663e-04,-1.401495854729650107e-06,3.650051795857011067e-05,5.192692811874883782e-05,5.853282634709466260e-08,-2.780073109104257090e-08,-1.544537584880884448e-05,-6.673584040353288665e-08,-2.957786700720196869e-05,-2.740405275438237296e-07,2.644583390697115047e-06,2.625926956460341061e-05,6.664346709716898669e-05,-8.878639327530210055e-08,-1.687242456614418786e-05,-6.329718343284425916e-05,6.523652022234566852e-08
-1.372608688472966640e-07,-1.401580963529532739e-06,-3.831882272227517001e-04,-1.114784772588844103e-06,3.250841275889177092e-05,4.627948464445193894e-05,7.200825454242216489e-08,-3.292446772857052329e-08,-1.376306368482915756e-05,-1.431692849756808681e-07,-2.630064820251364286e-05,-3.516515731452867877e-07,2.371550624144164072e-06,2.330429198362971060e-05,5.936199927067804084e-05,-1.081194274264924485e-08,-1.499305063439897702e-05,-5.630487160770542541e-05,-1.226256528978394233e-07
6.043520821087880319e-08,5.494750173182522985e-07,8.698142106667591062e-05,4.092985024941754439e-07,-6.736195718402523516e-06,-9.908923690191982000e-06,8.090360167547817925e-08,-1.549539382166542254e-08,3.201170697620168994e-06,1.010700791573967606e-07,6.127429784059546867e-06,8.823929204167778036e-08,-1.500140529896233331e-07,-5.311921585548834754e-06,-1.359924013371897846e-05,6.384720021399042022e-08,3.357502783557839036e-06,1.274487017246199332e-05,-3.359865900434324990e-08
5.077097217893067338e-01,3.362061524976309723e-01,1.231705688852533231e-01,2.555306639299595450e-01,1.022390903948955376e-01,1.705259173224892011e-01,2.730384862217760319e-02,9.805224772901341423e-02,4.973914255958302721e-01,5.823625615784362441e-01,-2.716844748787317076e-02,7.441857329322454362e-01,7.326803754693450577e-01,-7.254030921204006332e-02,8.844874979843596330e-02,5.792188714080697548e-02,2.477547979511900422e-01,-1.543343756321381710e-01,3.680594034704394169e-01
-2.152884274281838392e-08,-4.420635560863467350e-08,2.454057152958839111e-05,-3.153049891729650574e-08,-1.616017075411869418e-06,-2.435196482435748203e-06,-1.312496895507577340e-07,7.374644344035799961e-08,8.661753137071563444e-07,-1.153355787700187255e-07,1.870359640202771685e-06,-1.429030462964719877e-07,-1.869507753169412484e-07,-1.521502295245561336e-06,-3.654418255267669557e-06,2.169297409491739843e-07,8.603224964876145457e-07,3.707073479822414869e-06,2.988541746857802739e-07
5.147406910954874344e-07,1.644380523904347911e-06,4.029345855714321924e-04,1.562988839555204864e-06,-3.516589352845475770e-05,-5.008977298173463122e-05,-1.858997977507234170e-07,-2.959017010629662312e-08,1.503906679922134589e-05,2.812904795392430813e-07,2.784911927338787568e-05,6.825737702572560500e-07,-2.181939504041893366e-06,-2.436520214788351333e-05,-6.230477785414759433e-05,-4.889347952296629793e-09,1.562213965004826684e-05,5.905172530969347790e-05,1.112398033486028107e-07
6.205981758595333097e-08,1.307876361259337894e-06,3.325847164463444972e-04,9.580586188146068388e-07,-2.699084076960924536e-05,-3.871856274005854238e-05,1.452376807728481677e-08,1.745761176897256298e-08,1.182920207159215032e-05,6.984098158441413445e-08,2.298966307436743609e-05,3.483335670739378817e-08,-1.744467167583304365e-06,-2.042699273757816485e-05,-5.161450116725961297e-05,5.527537877120326071e-08,1.310440848092367387e-05,4.881496921208835729e-05,-1.354754936426695749e-07
1.169013734364204106e-07,-1.240203373808579830e-06,-3.807964986599348821e-04,-1.105080621686544684e-06,3.147325107298145816e-05,4.501307221942139246e-05,2.643933182572628776e-07,-2.082899356772779197e-08,-1.342408116351348863e-05,1.095849130052962988e-07,-2.631022341410460319e-05,-9.257820701743396964e-08,2.438721546292439037e-06,2.311243268388374597e-05,5.890659400966853518e-05,-3.154430467883434298e-09,-1.476678384436491795e-05,-5.607722113671359423e-05,2.184439169818010774e-08
-2.066056194079055356e-07,-4.212089270176436134e-07,-6.753231477862677869e-05,-2.589567448141890116e-07,4.929189134945960397e-06,7.034822951217351091e-06,-1.302569727335599707e-07,-5.257160649157695001e-08,-2.473438178159202496e-06,-3.006436038045463217e-07,-4.640932923594773832e-06,-2.530033350026868712e-07,2.882731216392567898e-07,3.992989177273404185e-06,1.047207335685096783e-05,-5.097773512251604971e-08,-2.804858022069952225e-06,-9.842135324555094562e-06,-1.850304985451725764e-07
-3.362410779941101611e-08,-1.126320991023254375e-06,-2.913006668131649392e-04,-8.304367486979267985e-07,2.482964853487933574e-05,3.532474594387478032e-05,5.037052077401749030e-08,2.606976900212670153e-08,-1.038208352401226254e-05,-1.722859439944774448e-07,-1.998876273427405124e-05,-2.128600041861539689e-07,1.875166608804637948e-06,1.759932722657022393e-05,4.506236194946057992e-05,5.843083858124661486e-09,-1.139140320654609134e-05,-4.270153607841111674e-05,-9.593242621424274176e-08
-2.342459657494597652e-08,-8.452314409176052853e-07,-2.290926783411089188e-04,-7.359449095870255738e-07,1.917412707003305047e-05,2.747935401090245315e-05,9.468537691634960849e-09,4.926381822922295620e-08,-8.180473301675890251e-06,-8.760286779225516869e-08,-1.569240595454128549e-05,3.812603461060393385e-09,1.198669400606457187e-06,1.395485457473666939e-05,3.551114615220082144e-05,4.181580480220355556e-08,-8.893774042718870029e-06,-3.358071541791693150e-05,1.954564963578057480e-07
-5.950435729180231528e-09,-1.555938802167409435e-06,-4.578065998518916833e-04,-1.270060958811848429e-06,3.821298372225155854e-05,5.459277137197772142e-05,1.354904319772611190e-07,-6.391972998273448333e-08,-1.622456016521687418e-05,4.170066498971015085e-08,-3.131210393415178629e-05,-1.265658321496166400e-07,3.110087528665000648e-06,2.784934278925329208e-05,7.079732177988495726e-05,3.711544505225087317e-08,-1.792866122372672083e-05,-6.735224448614666136e-05,-8.732282393066061632e-08
4.651527165051945489e-07,-5.735345345198441017e-08,-9.637805457794835291e-05,-1.985623173831026126e-07,6.849851112683700385e-06,1.000492144214149535e-05,1.301594526492429119e-07,1.554286689348937178e-08,-2.969052249819010536e-06,1.341978914456580704e-07,-6.866951124963521800e-06,1.806282161668664011e-07,6.535061829851762394e-07,5.877322812530967466e-06,1.487989922727346828e-05,4.464778937306751496e-08,-3.484525302733390705e-06,-1.428915758165677039e-05,-9.174712153268996434e-08
-9.827626652561847173e-08,-3.027737727777995943e-06,-7.737687286892718820e-04,-2.482193141661824673e-06,6.513962673920617485e-05,9.300420936350594877e-05,2.633951379809950504e-07,-5.164553450713350324e-08,-2.775075494031274144e-05,-5.867299318610815989e-08,-5.307078063999822571e-05,-2.113947285773731932e-07,4.789596444479363975e-06,4.695266468475827029e-05,1.197555484534039839e-04,1.575836486488955135e-07,-3.042518334816682636e-05,-1.136525849500416807e-04,2.129245852814122898e-08
1.813114701688865500e-07,3.105178414868333477e-06,8.208654931951969713e-04,2.464062397371263557e-06,-6.830633016890506697e-05,-9.778277673863113029e-05,-2.611506725333518530e-07,-5.512682752135817152e-08,2.939118552967005075e-05,5.315476977568321065e-08,5.662443759158903434e-05,2.864852011594601747e-07,-4.852369486931604073e-06,-5.008149124711186082e-05,-1.271268458685350755e-04,4.647241942380335183e-08,3.215566364663120634e-05,1.206739421164922701e-04,-1.811378202672594347e-07
1.224278369083142393e-08,-4.936501700155236898e-07,-1.412746697601838534e-04,-3.988255755521132481e-07,1.206608605869054659e-05,1.710750451714869777e-05,1.051139197188347437e-07,-1.273062260198463669e-08,-5.076834320313710742e-06,-2.126641162456631342e-08,-9.688872508757586594e-06,-7.079436759541049414e-08,1.099096106731334862e-06,8.774519639866581831e-06,2.194609236877802781e-05,5.204018407744001422e-08,-5.559205291377139612e-06,-2.061785044215997827e-05,7.364869899494916894e-09
1.733911339745598720e-07,2.576225061650922544e-06,6.431075557632832344e-04,2.021837302750980111e-06,-5.319027531883039391e-05,-7.636518943379274021e-05,-3.398609677909086115e-08,-8.432873381880338841e-08,2.304865803754110350e-05,3.218701080626071078e-08,4.410004256561378860e-05,3.105416423704256668e-07,-3.688110020110447407e-06,-3.934522716962945179e-05,-9.969481990827134730e-05,-4.066244254878516785e-08,2.522751560936364358e-05,9.458038365524764582e-05,7.599364013559965475e-08
1.084177967132497309e-07,2.532916173925393699e-06,6.609800376304590013e-04,1.928455023406265638e-06,-5.510111947410166613e-05,-7.875555059142080459e-05,-1.888587188637896346e-07,2.683129816762695623e-08,2.365574067985511895e-05,1.231315231830262015e-07,4.520128605626904116e-05,2.625320816354624744e-07,-4.362814966357629430e-06,-4.016560463266602996e-05,-1.024729143458562352e-04,5.104191378079517934e-08,2.602537321595706658e-05,9.695034075928318860e-05,7.613787480537750418e-08
-1.238650992316367695e-07,-8.722595111696362707e-08,-6.081182486442091251e-05,-2.410490996012292983e-07,5.798619243177760326e-06,8.424487060855595229e-06,-7.448466547077711270e-09,2.681339137597478377e-09,-2.281719767063648942e-06,-3.754140506670920988e-08,-3.739024755475248398e-06,-1.121307210922107268e-07,5.422478772582614076e-07,3.457940884766370036e-06,9.452702665750321233e-06,7.334697868859040641e-08,-2.314745643749881784e-06,-8.999179247350452213e-06,-2.072987926413494145e-08
1.010697421811938155e-07,-3.495788292156111073e-06,-9.644571257507027640e-04,-2.982903106372857445e-06,8.035637508854324767e-05,1.149546189889353958e-04,4.415029226031686027e-07,1.092940808997460822e-07,-3.420350411487055239e-05,-3.097425022740516897e-08,-6.622793646255240214e-05,-3.926489682974140473e-07,5.889597039234320087e-06,5.887903268902957351e-05,1.493057614299245586e-04,2.770339104210826076e-09,-3.777497742891857915e-05,-1.417755416074842204e-04,1.575351205775856516e-07
-7.935198779485548007e-08,6.522862290590305784e-07,2.297434802768854537e-04,7.423932316978754084e-07,-1.908658845167071887e-05,-2.732813230444872460e-05,-1.297697311353797476e-07,1.542652529752935940e-08,8.089153000223433911e-06,9.395767523955968353e-08,1.568304220199063945e-05,5.229653174185774740e-08,-1.550065574321081439e-06,-1.384801025905207332e-05,-3.546680191009251735e-05,-6.225435099591862354e-08,8.879486919718088220e-06,3.387673621511783941e-05,-9.239046183480863410e-08
6.832075707199389499e-08,-2.798217850880465240e-06,-8.064268789469255030e-04,-2.275273925018867886e-06,6.662521024583133080e-05,9.530235246295558078e-05,4.041907460416928421e-07,-1.007060903541310923e-07,-2.856849729572713138e-05,6.798830679922684247e-08,-5.543194383037720776e-05,-1.227684849157440879e-07,5.270858519544623330e-06,4.918953989562260663e-05,1.246807222499374073e-04,6.041359098585705070e-08,-3.148582875960557348e-05,-1.185768381988775051e-04,-1.630306600722010189e-07
2.128542117935623571e-07,-1.256460335817104693e-06,-4.074137525810037248e-04,-1.119296763231979065e-06,3.367059530389445110e-05,4.834960294096935597e-05,1.021538368668376000e-07,9.053472953107774920e-09,-1.427857047300792644e-05,5.208553303876246506e-08,-2.786000450253269615e-05,-6.352081346602695301e-08,2.459364660623362711e-06,2.489675934736831643e-05,6.309506418608981128e-05,1.995957356308418108e-08,-1.588974671910471133e-05,-5.999335395931026661e-05,2.084951258378823365e-07
-1.471266341852724702e-01,-1.817711466480716742e-01,2.719068599795877381e-02,-6.753011855622433890e-01,-6.091667553971423787e-01,-5.277643097397651806e-01,6.053213061509749721e-02,8.624647064327197257e-03,-1.551683795765373408e-01,-2.579494505043847807e-01,6.064053586862899747e-02,-5.091983765399678112e-03,6.905634912706511142e-02,1.479476119588596095e-01,1.395276682353718822e-02,-4.929099793193283952e-02,-1.097116983376911353e-01,1.037560510866331887e-01,-7.931031605342436785e-02
-1.408482537826623968e-07,-5.979422709135031647e-07,-1.295777522832034195e-04,-4.187140186958885326e-07,1.084852099746803252e-05,1.546723883625961027e-05,-2.793421518110853448e-08,-3.559555109615347524e-08,-4.684250874777413272e-06,-1.768521272223647355e-08,-8.885357222875031328e-06,-1.128227062011721475e-07,9.716677951023432985e-07,7.898103755176316676e-06,2.000682003761891276e-05,-3.173459971283021888e-08,-5.141382622893486226e-06,-1.893135685602621049e-05,-5.853649125954696538e-08
2.976724975902065985e-08,-1.536051592896009184e-06,-4.288962772737622267e-04,-1.307632681601239075e-06,3.574786373002884646e-05,5.103150457476880091e-05,3.381091155278955700e-07,-1.568559435980612809e-08,-1.522053740760044902e-05,-1.115254691039385742e-07,-2.928490314634791281e-05,-1.573900529473201777e-07,2.631454464525305391e-06,2.612393164318674069e-05,6.634932562182263485e-05,3.399736346886044010e-08,-1.680313405686459954e-05,-6.293447116791866353e-05,1.127372463235913231e-08
-1.664245558769447611e-07,6.312455520857324955e-07,1.985177038652652501e-04,6.922983906839853600e-07,-1.623671804262241582e-05,-2.342392953407196993e-05,8.809593539220576770e-08,-7.624082990791836636e-08,6.990114009935831322e-06,-1.389460541531138210e-07,1.369881492130336257e-05,-1.171039152477914389e-07,-1.183096974523422720e-06,-1.204240706381177689e-05,-3.075991249457917979e-05,-1.482712102134566442e-09,7.557611184797037869e-06,2.944480687488654775e-05,-8.501306148888411505e-08
1.363096991336568767e-07,5.741117571418529564e-08,4.203260453784924747e-06,6.446732930437232278e-08,-6.205566515881129952e-07,-8.671377603834229054e-07,7.205493496813024786e-08,-3.022561350761784674e-08,2.209398114884485315e-07,8.165658459839563804e-08,1.507047370179564606e-07,5.806715818434417810e-08,-8.149522392838347824e-08,-1.642502777641088757e-07,-6.066506214303190734e-07,-6.622357269407538741e-08,1.713064276817124176e-07,5.477824835989758079e-07,-4.493949803292038832e-08
3.996250932843524278e-08,1.251194637573614214e-06,3.469084468338301292e-04,1.051637467356572160e-06,-2.815184830009025968e-05,-4.046396007162734364e-05,-1.324738660881568756e-07,-6.443101185569321384e-08,1.224335312382418408e-05,-1.313134678653460437e-07,2.393480044057656755e-05,-1.786853783578795560e-07,-2.168303313312365112e-06,-2.111143795171693306e-05,-5.372858128991751141e-05,-3.128888505553064245e-08,1.354302302872025824e-05,5.095718627512512631e-05,1.150005046045454297e-08
2.247675306308946572e-07,2.642181055622311587e-06,6.824747026203867566e-04,2.219740549298444571e-06,-5.774378706488789278e-05,-8.238471811416400194e-05,-2.760800654245069120e-07,1.167556736370612469e-08,2.458386817563653305e-05,2.365708932754882184e-07,4.672572755291067617e-05,4.856748361475793448e-07,-3.740564869163290335e-06,-4.166313662705040279e-05,-1.054718433952709061e-04,-1.322110240706433017e-08,2.687773695592021202e-05,1.000957367266814608e-04,-1.798846029049045787e-07
4.154956342914901888e-08,2.983248116669074955e-07,5.008830406497039213e-05,1.934821966205964315e-07,-4.309866309654791716e-06,-6.111004917690485552e-06,-2.197641675135883214e-07,-3.638547795367305967e-08,1.872291298375337070e-06,-3.669416551996815557e-08,3.500086019295262512e-06,-4.442449885160495438e-08,-5.123656397354768396e-07,-2.967986648554987058e-06,-7.966194396369335651e-06,1.011856202911961844e-08,2.121995406338551268e-06,7.298682116681205944e-06,2.239313412783702988e-07
4.594521541911985434e-08,-8.549017542237255108e-07,-2.357117779874179982e-04,-5.442926158059997284e-07,1.992654171902098520e-05,2.840204361350565310e-05,1.307258030229081141e-07,7.855943199851284932e-08,-8.351452574937414449e-06,1.316766107231907580e-07,-1.606505100859378522e-05,-8.619186352160625503e-09,1.496053450649326644e-06,1.431996065086497765e-05,3.661426040816827390e-05,1.197266946664884659e-08,-9.339138865180576340e-06,-3.471359983820394650e-05,-5.951056652926106263e-08
1.179428834464608146e-08,8.957486702845941799e-07,2.481514400986292550e-04,7.397257037068298805e-07,-2.067955963135056487e-05,-2.970946073496768768e-05,5.758461451066777151e-08,-4.956360959171404010e-08,8.778459284642010319e-06,-2.000570169801628836e-08,1.697479099732070016e-05,1.220563118780032853e-08,-1.712494991312683751e-06,-1.542544690805179358e-05,-3.866175472657612473e-05,-9.230953313976562182e-08,9.668681142290941265e-06,3.671645879700729490e-05,-5.976343103943877280e-08
-2.184241735977303355e-07,-1.949584676514248353e-06,-5.048341514144759129e-04,-1.725000990290556011e-06,4.248704238528746083e-05,6.070353789112011125e-05,2.176756007692549952e-07,1.312147574099192284e-08,-1.824090347390052596e-05,-1.828936367559343151e-07,-3.460395056092666381e-05,-2.321150707569446936e-07,3.092944117123338068e-06,3.074109685420049114e-05,7.813548788229690957e-05,3.795457259167245263e-08,-1.990779029306467737e-05,-7.399032704978590906e-05,5.241756163607263760e-08
7.382570812046065992e-08,2.289223332059367240e-06,5.477257671426704515e-04,1.629827898584414222e-06,-4.484336552935963978e-05,-6.420618019351142657e-05,-4.469484884992304556e-07,6.869571505395997614e-08,1.950353672966749526e-05,-2.098906267120563973e-08,3.766072169970221926e-05,9.783493658155460544e-08,-3.664857089749249278e-06,-3.351647793800953108e-05,-8.485752619856631841e-05,2.855163897019800659e-08,2.156550035499613175e-05,8.045164051319688998e-05,2.688112003071991515e-07
-1.369398552361500435e-07,4.249526285306768427e-07,2.070842503174573932e-04,5.684087574074598357e-07,-1.769831851727692108e-05,-2.500536543742318973e-05,-2.558694142995689441e-07,1.190469363526804714e-07,7.089178707426966205e-06,-1.880051049656276201e-07,1.417331524953310395e-05,-2.319021770621795913e-07,-1.951717396538926287e-06,-1.252499185617021512e-05,-3.216823409500212550e-05,-3.853352316432937103e-08,7.917474140824664296e-06,3.051475045452598173e-05,-2.715031414135567703e-07
-4.493897779785204270e-08,-8.342842808341062100e-07,-1.785191151304787484e-04,-5.284549253576099737e-07,1.489011860546700865e-05,2.125538576866075162e-05,8.707744485447941445e-08,-1.965122323237109132e-08,-6.354725453442944250e-06,1.720664290474986379e-07,-1.237602542313535096e-05,3.736225734192272272e-08,1.020130340418871907e-06,1.107850949942583199e-05,2.764749858368503073e-05,9.875820764855819854e-08,-7.012688778152581502e-06,-2.625023396945511559e-05,-7.178282082599561064e-08
-1.304466603396714425e-08,1.432867056305004077e-06,5.617593578496208120e-04,1.806319430151601045e-06,-4.782299369445724150e-05,-6.829880480371946518e-05,-9.445970142338693130e-08,3.588678022873812234e-08,2.038365177375705734e-05,-2.697713826415644563e-07,3.869436305838986267e-05,-1.092044739296235283e-07,-3.984449066272345895e-06,-3.396662529437540059e-05,-8.702150954995376420e-05,8.653278837357850465e-08,2.180102217133016434e-05,8.260764325646795204e-05,1.403553559429563373e-07
1.434780296705697614e-07,1.115986858895952449e-06,2.687275480014660544e-04,8.406652377564069369e-07,-2.160518318882272717e-05,-3.094998843547650495e-05,-3.537977052660899522e-08,-1.027898305965054182e-08,9.638086753146656775e-06,1.944108906167072893e-08,1.850202561437203636e-05,-2.306042395671947400e-08,-1.544249732930195232e-06,-1.654954284360839263e-05,-4.160698855030954405e-05,5.790869093208385608e-08,1.063842085761826653e-05,3.948101186794081752e-05,1.103977409028106361e-08
-1.309960446194939222e-07,-1.289169354274199899e-06,-3.873515633601949996e-04,-1.167712349633489869e-06,3.217631892297617452e-05,4.597457045124169481e-05,3.633481044392236398e-08,2.237262949903305787e-09,-1.363441215825119155e-05,4.088681544724406814e-08,-2.660087914611672461e-05,-3.962917345514270783e-08,2.573070721958438498e-06,2.353526949781494776e-05,6.000290998215192663e-05,2.383174352806530898e-08,-1.511982207231723595e-05,-5.697155884705295783e-05,2.371096955397190864e-08
6.491312026583897987e-08,-1.206541959568378658e-06,-3.637656820198928703e-04,-1.093428215988774118e-06,3.021791002053554961e-05,4.330100507489142563e-05,1.848656745044201021e-07,3.418306067063209743e-08,-1.284571193455228749e-05,-5.132312079364206434e-09,-2.507037874731775489e-05,-1.281851604737328524e-07,2.324993883203263892e-06,2.192281408613019070e-05,5.626175666278047596e-05,-8.955279306462698743e-09,-1.423206356149997129e-05,-5.355393803460844446e-05,-1.357957761384694309e-08
1.667270133018262169e-07,2.579786233147618984e-06,7.144823623520475718e-04,2.208040566793784068e-06,-5.989266466883301558e-05,-8.548883891583200349e-05,-4.548061205375255613e-07,-3.402161503880660756e-08,2.545761757526981040e-05,2.076826953998850481e-07,4.907358611437979767e-05,3.915657329807227326e-07,-4.803393822478272357e-06,-4.360406716236572757e-05,-1.106749531846518185e-04,2.713261009061782827e-08,2.816902967340528447e-05,1.048367755278964425e-04,-3.792802615499536501e-08
1.485117279277437942e-07,1.942084287759658558e-07,2.573867672699241960e-05,5.188285914317361527e-08,-2.474650078241278353e-06,-3.493217448547337493e-06,6.584972703959906792e-08,2.267404580343626356e-08,1.307282103772819040e-06,1.408768187991350072e-07,1.724579820385752605e-06,1.671961915437756589e-07,-2.038074625246487150e-07,-1.619976722317859912e-06,-3.856861580859772583e-06,2.900058209118937856e-08,1.090133685366477760e-06,3.656341492361272888e-06,3.256298823963709010e-08
-2.173700449730180084e-08,-6.252745539922842602e-07,-1.348737351674458081e-04,-3.835584417699892498e-07,1.072134580681536883e-05,1.522592170375411750e-05,-3.168912023328473605e-07,1.135385370054778115e-07,-4.795957482479189452e-06,8.092395545023550866e-09,-9.335550101647594986e-06,1.266543328066068212e-07,3.890224096502530346e-07,8.283791340079702122e-06,2.087288971073909282e-05,-2.702784470411534665e-08,-5.229808964548790321e-06,-1.977302185996524913e-05,2.453552394005415610e-07
1.593404820150301803e-08,-3.190589450212649370e-06,-8.853989587472711580e-04,-2.657520370407182669e-06,7.406267559827316356e-05,1.058748315370457594e-04,2.381122745821265127e-07,2.332000064051274866e-08,-3.159770946167643479e-05,3.592143098854393523e-08,-6.070203900565182656e-05,-1.811473232431766818e-07,5.459992428455811600e-06,5.406748956018421666e-05,1.373087884034637914e-04,3.559954083478808686e-08,-3.478157648847417016e-05,-1.301811435321353070e-04,2.787687597034645674e-07
-6.810747734742564995e-08,-1.221433932613123974e-07,5.630749502890622466e-06,-6.703409188640226024e-08,-3.780044277997497566e-07,-4.448634159470342670e-07,-1.662017130779641544e-07,-7.347439567431442278e-08,1.335470845294769188e-07,-3.983071874138634325e-08,3.410867730479491978e-07,-8.022921779829435678e-09,-4.727446261633250870e-07,-2.098274392575614056e-07,-1.005044256574667106e-06,1.690242298302260952e-07,3.767671374995735691e-07,7.914955921707755647e-07,2.181747931292750651e-07
1.644465919746159767e-07,-4.282187769142508475e-07,-2.606567615610055617e-04,-7.734609787934437067e-07,2.095048021921462790e-05,3.018399965140583792e-05,2.915897509092979939e-07,-3.965638932992260475e-08,-9.048592108756263865e-06,2.761618621903612157e-07,-1.780502874501181291e-05,5.866706971531452895e-07,1.928463294429382477e-06,1.583427750323571697e-05,4.029536248829530018e-05,1.033119619875878704e-07,-1.006036556892272031e-05,-3.836745880956353677e-05,6.370522495044409517e-07
-9.903071969644926450e-08,1.246690132011144470e-06,3.784603445220677807e-04,1.093523399944396058e-06,-3.151467025958079842e-05,-4.509141903710937936e-05,-1.524299701658484351e-07,-2.048669578641159874e-08,1.337428461443696089e-05,-7.965798484555875840e-08,2.602916146130378712e-05,-1.678809732393530889e-08,-2.540389496383555442e-06,-2.302998060558765917e-05,-5.852221175993221414e-05,-3.658878349829569005e-08,1.473556755716382543e-05,5.569565014067169394e-05,-2.526359146597371466e-08
-1.409693435189504074e-01,-1.244681480303793386e-01,-2.334743522588229869e-02,-1.524604511251613781e-01,-7.104450329889160087e-02,-7.863536267228987686e-02,1.066846170527484434e-02,-2.179835285147940435e-02,-1.348241474333811141e-01,-4.184924784291536026e-01,4.436478954564570393e-02,-1.763192521131812796e-01,-1.512829522763494139e-01,6.982702976030356889e-02,-1.635706441567003067e-02,7.298362484281704227e-03,-8.157823921810826440e-02,9.961744886314866099e-02,-2.367923279390011723e-02
-1.895780907917608282e-01,-5.062224917817920167e-01,-7.516044029119998970e-02,-1.475294354069177361e-01,-1.234429464660538080e-02,-2.080974244351367075e-01,7.886000588580095727e-02,-1.125564149006876430e-01,-2.705288161750040721e-01,-3.079114058767458140e-01,3.028954717311498415e-02,-1.194413886823906257e-01,-7.656955019005939889e-02,4.817301951680890149e-01,-2.926881411217862120e-02,2.361038628414814655e-01,-4.290094848799776983e-01,6.950587301095564330e-01,2.696807442908387767e-02
-1.725034945744923258e-07,7.252332715881418236e-07,2.380687958158513398e-04,5.769894764135466696e-07,-1.947079594348628944e-05,-2.798421505230757085e-05,-1.407394340918400898e-07,-4.914164711823341246e-08,8.238614384045020510e-06,-2.342813778169624799e-07,1.641917790947845638e-05,-2.314724886644439772e-07,-1.693569538657569262e-06,-1.450808630583892751e-05,-3.693156584024351893e-05,-7.263486281492825344e-09,9.255537728292257923e-06,3.512495772146229388e-05,-1.779860998886165788e-07
-3.285629434279092465e-07,2.801163224124634300e-07,1.347870294934889318e-04,3.186355324101264626e-07,-1.163027682225556535e-05,-1.659609547489732776e-05,-2.938421850148186572e-07,-4.016751979534328604e-08,4.554700133146382693e-06,-1.486273483204809670e-07,9.231369185261705822e-06,-1.269629118623349596e-07,-1.173377964074239224e-06,-8.227529148726498321e-06,-2.093197246168679255e-05,-6.591730255191106869e-08,5.070301152999047750e-06,1.991174617587484504e-05,-4.288775144475506576e-07
1.967113041962377986e-07,-9.658288391276756425e-07,-2.889060016758359176e-04,-8.981409655196568050e-07,2.469246308991333673e-05,3.529211916170302038e-05,6.713025023994504472e-08,9.843847949221873521e-09,-1.026312375163357081e-05,3.979123898309474655e-08,-1.984081507733528635e-05,-2.682957620215462014e-08,1.968881470360716416e-06,1.754684903886225464e-05,4.474058250109429744e-05,-5.856822171118137582e-08,-1.122922257037295996e-05,-4.253263861314218400e-05,9.995227844491543413e-08
5.121885409871424210e-08,2.857871193078606133e-06,8.357036383086086919e-04,2.524919497027403271e-06,-6.954815282523765926e-05,-9.953967838717862286e-05,-3.669017554059792885e-07,-1.176857913780933974e-08,2.971460022353864406e-05,5.320129379186764867e-08,5.738617272076722265e-05,3.653214457399821099e-07,-5.248082280991633204e-06,-5.074069330607381838e-05,-1.292500170918304983e-04,8.362076740079737576e-08,3.260391564312025727e-05,1.229431062627118240e-04,-4.393521880186924912e-08
-1.208626993948181587e-07,8.183835765759065964e-07,2.061840381338012822e-04,6.018213185327963648e-07,-1.732591226624612387e-05,-2.469452675944487508e-05,-9.237868531717290826e-08,6.497680245718566420e-09,7.319278853324024626e-06,-1.139270858341249615e-07,1.429073958660442794e-05,-6.641282302272901113e-08,-1.258284344920320193e-06,-1.265986240640372969e-05,-3.193016721650392972e-05,-7.414270832918375480e-08,8.177608656136992667e-06,3.029368860949185237e-05,1.286738996462024766e-07
1.668134266115006361e-08,7.485130401347336001e-07,2.097104671913992786e-04,7.156723623741082947e-07,-1.839163957192837764e-05,-2.598529433499076007e-05,9.410441031670343369e-08,5.114265161139500012e-08,7.814838938104561687e-06,4.367777266119938848e-07,1.437920539539021420e-05,3.920840256433847236e-07,-6.475596763859318208e-07,-1.293038337823532138e-05,-3.243800959319292920e-05,8.076517560046419256e-08,8.111712175703688287e-06,3.075241109674453616e-05,-3.683647359786596520e-09
-1.925311109115019424e-07,-2.160973933537601998e-06,-5.483393272274543441e-04,-1.792132940078454116e-06,4.615519039892043338e-05,6.580830092926137241e-05,3.948225204409335029e-07,6.583522306279380338e-08,-1.971828602203731950e-05,-8.098803900691261556e-08,-3.774412592438197505e-05,-2.086414091275996868e-07,3.841311593098727605e-06,3.358256526957847802e-05,8.487079963000781677e-05,1.203622758414196014e-07,-2.173886723067954940e-05,-8.023689962038092500e-05,4.214475130081596370e-08
2.648864122096484293e-07,-2.935588678272346622e-06,-8.959410952916782274e-04,-2.627032649599061683e-06,7.400441461913549789e-05,1.060789892001220118e-04,4.095276053031389397e-07,9.114011002194237147e-08,-3.144724122604734200e-05,3.194215933186399700e-07,-6.165611117613639246e-05,2.053064681251950124e-08,5.818549747886046016e-06,5.465745034572948036e-05,1.386707369754938679e-04,5.453269671089399872e-08,-3.486448180933156434e-05,-1.318759963428751676e-04,1.230400455083857866e-07
1.441239549348932323e-07,-4.134478841285610992e-08,-1.821619819312183286e-05,2.602470773372031304e-08,4.495043638180393199e-07,9.142859492005629351e-07,5.262781635904186828e-08,6.706928120172742464e-08,-4.185643265451590669e-07,3.307178619963383423e-07,-1.228341216329040288e-06,3.867241962805613852e-07,2.757944513430448059e-07,1.260934299373800596e-06,2.868628742813189555e-06,1.438331529821899551e-07,-7.353891574945152338e-07,-2.858922307710617005e-06,2.315963718389986550e-07
-3.665766520984816314e-08,1.219464410687243992e-06,3.872398323196006619e-04,1.206062550702293731e-06,-3.131518218287648555e-05,-4.495067492454290478e-05,-2.505830471512153390e-07,4.750365312722492933e-09,1.340957922062258945e-05,-8.831224657686756276e-08,2.661158371410773951e-05,-1.700039524092824847e-08,-2.176736971012309737e-06,-2.363248380061238533e-05,-5.999599133002875089e-05,-5.801048621775608114e-09,1.511141256434337203e-05,5.698369119316739164e-05,-3.373731057487303234e-07
-7.253958095185594611e-08,-2.312761547367711897e-06,-6.739114248626149441e-04,-2.033073797284613859e-06,5.640260331240893514e-05,8.065085643679368481e-05,1.459410041773513459e-07,2.726302012553856494e-08,-2.407980425453085314e-05,-1.637724285993887003e-08,-4.619367777897591160e-05,-2.046036097106244665e-07,4.268319364590070901e-06,4.092164815060956223e-05,1.042436580923625168e-04,-3.540506434668572706e-08,-2.633197986477531325e-05,-9.909658806730934071e-05,6.212742376771353644e-08
7.160672242834990630e-08,-9.223605453721959918e-07,-2.770211716370144591e-04,-7.113834402520975915e-07,2.249042748206707168e-05,3.224255519889422428e-05,1.239922249113551550e-07,-1.843793543503436993e-08,-9.765882620412309398e-06,1.091304160128788700e-07,-1.915235264998035284e-05,-4.256251148953795211e-09,1.712569912577146267e-06,1.677655323352591566e-05,4.282864574802420284e-05,3.280677492620440676e-08,-1.078896165511636188e-05,-4.076370964331635518e-05,5.642951459277716859e-08
5.553817189292458584e-08,-2.754528673849468935e-08,-4.008824912801158197e-05,-2.533174722025713731e-08,3.108594272419419961e-06,4.486222834944505221e-06,-7.819405274007344689e-08,3.151209494887477714e-08,-1.302448537042046510e-06,2.056320523820678970e-07,-2.774058748655162737e-06,7.656554056421830543e-08,2.030603345560359036e-07,2.462270290166101180e-06,6.228597338680110117e-06,-3.006495626283543932e-08,-1.477779634381171481e-06,-6.050061975851283911e-06,1.034375315098150082e-08
3.613119292870974331e-01,2.227088552486379824e-01,1.050766518385522902e-01,7.935369203263482885e-02,-3.289775133300491816e-02,2.924431353899773628e-02,1.700922623261469369e-01,9.403160246859092186e-02,3.731559024856244688e-01,4.159807720057450142e-01,-4.172529607556084430e-02,8.300611453722913646e-01,7.958077412577340137e-01,1.085673391306334057e-02,4.649605648369551508e-02,1.563457829339315597e-01,1.878748032386394762e-01,-3.242268439899396310e-02,4.457337753763075949e-01
-1.537196047396214690e-08,2.526651220304338900e-06,7.555937420919548765e-04,2.235820459850464320e-06,-6.308071743773724252e-05,-9.018192541221611868e-05,-2.493132124620367844e-07,-1.203517488436791041e-08,2.683248955207109525e-05,4.511143584321287741e-08,5.193039853743704626e-05,2.338612172393054144e-07,-4.802347925702553534e-06,-4.600237942551320923e-05,-1.168477846977212311e-04,-2.755842276344262059e-08,2.945139310096748077e-05,1.111665579357648623e-04,-1.495617165747842776e-07
3.096016530474726691e-01,2.682922783940835387e-01,-1.430485444837356103e-02,-1.580319908730240530e-01,-3.916570826374880521e-01,1.549666083071052913e-01,1.130578429983596610e-03,-3.613003881894231517e-04,2.234949741847643834e-01,3.609772076113297590e-02,1.699193774964506132e-01,1.828675942984856195e-01,1.660721952433147353e-01,-1.814142751120702002e-01,-2.670459576302671584e-02,-1.639965843956044944e-01,2.679040259679067448e-01,-1.776546352309870125e-01,2.313812788386144514e-01
-5.613683173398303891e-09,-1.971918736486201477e-06,-5.490312656438831474e-04,-1.670525143607168649e-06,4.594844862834381255e-05,6.555020113075019181e-05,2.635003874359751881e-07,-3.246769599997391304e-08,-1.963227192101916344e-05,-1.497721853506154006e-07,-3.773866702145037223e-05,-4.354927493168902822e-07,3.337514263587224634e-06,3.342267603836747750e-05,8.495801276057357186e-05,-4.059116182269531271e-08,-2.147384196422039913e-05,-8.075980182202116369e-05,-6.835998264178128558e-08
9.095737019671412827e-08,-3.320016765630368819e-07,-1.219417994835938465e-04,-2.720720680967210622e-07,1.012962139535211093e-05,1.470765690457890485e-05,2.800955712959073878e-08,-3.206441204686393160e-08,-4.216501805373863270e-06,2.147592663948878482e-08,-8.305436418508171381e-06,9.396015524616194447e-08,9.814411776469271445e-07,7.438800142274997424e-06,1.892825380152005210e-05,1.433628970650341457e-08,-4.733356863278665558e-06,-1.797882003714656155e-05,1.049032070645530720e-08
-1.774764273531269911e-08,-1.484708380773924963e-06,-4.527615169880522868e-04,-1.189867487045055737e-06,3.771572705064454303e-05,5.411803152745727982e-05,1.878257849252642629e-07,-4.112432617698155501e-08,-1.593459148770189640e-05,1.598733675980827373e-07,-3.144389923973988504e-05,-1.997631827101716320e-08,3.000549235862103664e-06,2.759722645837401573e-05,7.019676317247807047e-05,-5.393311826404125465e-08,-1.757383610020783930e-05,-6.661403447635984635e-05,1.148216656162613981e-07
6.707439005143526263e-08,-1.746324934054577656e-06,-5.144631471828974316e-04,-1.525167551053570336e-06,4.282940737311338448e-05,6.128344282037485359e-05,1.504022545795290310e-07,7.436556712458650273e-09,-1.831694743358311731e-05,6.235379394189754755e-08,-3.538719015133381837e-05,-9.654610442864793470e-08,3.165592127710244907e-06,3.129771326775808449e-05,7.960947560856695081e-05,3.086231419126643477e-08,-2.007693495148772268e-05,-7.572498672296598427e-05,-5.849125885467843238e-08
2.077902716094760127e-09,6.863158064019491624e-07,2.134468888614104217e-04,6.434220173810504617e-07,-1.739468105633403631e-05,-2.493021333278376070e-05,-4.824213852750653033e-08,2.597137050027695536e-09,7.604974990105824214e-06,-9.584529035172159252e-08,1.474706194942676881e-05,-9.384166788342064611e-08,-1.017200424666435814e-06,-1.298442256208887243e-05,-3.305361670425396528e-05,4.827223420221629044e-08,8.266234799602156856e-06,3.150157293344962037e-05,-2.967172628424849231e-08
1.066841686191813143e-07,2.633225265593091733e-06,7.055965814400586011e-04,2.147328965359134032e-06,-5.929211752905223288e-05,-8.469375630139750941e-05,-3.775637932062207014e-07,-4.029104616213920695e-08,2.527315782002218761e-05,1.013345459140911207e-07,4.853964913856614622e-05,5.837732083987049024e-07,-4.227987969852522449e-06,-4.306533822935708079e-05,-1.091952750291314819e-04,-6.590376181757464414e-09,2.774258489423116862e-05,1.036380365816789290e-04,3.093117794378452565e-08
4.064307304210241006e-07,-3.839318237890778607e-06,-1.151970066077920686e-03,-3.388513782639839008e-06,9.596468539155711267e-05,1.374626806271321891e-04,6.590227829000534125e-07,5.451450905958559918e-08,-4.060905454930095239e-05,2.868580380954670113e-07,-7.901858850739626580e-05,-9.723912957007142391e-09,7.649064158632378665e-06,7.013223006621686288e-05,1.782653628782070719e-04,1.634089339350978505e-07,-4.493761881085744816e-05,-1.693024999063031202e-04,3.358621096795283886e-07
-1.429714086104072405e-07,6.796860321232938768e-07,2.626169481438634106e-04,7.462335142999484164e-07,-2.212654577745469170e-05,-3.159784609651204203e-05,-4.085880214650905736e-08,-1.924062859745884567e-08,9.183410639301471074e-06,-4.108760571235141998e-08,1.807590364995141538e-05,-7.760425277537722781e-08,-1.734644808015346117e-06,-1.592036819830647273e-05,-4.064046063407872247e-05,1.238808939789774184e-07,1.011466578144363454e-05,3.870267508448809710e-05,-2.171566867345937335e-07
7.428400500138441936e-08,1.347765667284973604e-07,4.702839561736955697e-05,9.054668502811547754e-08,-3.804594780217188226e-06,-5.379483977769960274e-06,8.973765267084521139e-08,2.900493432253931881e-09,1.701218864832597750e-06,-3.214454737442297225e-08,3.273618357657452869e-06,2.671513052114687723e-08,-3.233516315618058593e-07,-2.905805012902496410e-06,-7.289217914090721460e-06,-9.749981513151271450e-08,1.836354863743064908e-06,6.874292940991293451e-06,-5.244247390158821113e-08
1.674975823577251097e-08,-1.762212497230741681e-06,-4.860483899283248640e-04,-1.425764034786856073e-06,4.055886134993287384e-05,5.802806958211249963e-05,2.241696825433789805e-07,2.035083085096285600e-08,-1.728900602190598613e-05,3.273673006239334907e-10,-3.344158977417027023e-05,-1.720126665573442904e-07,3.120178888971940946e-06,2.963939206634621471e-05,7.523314466238152328e-05,2.401022230198148898e-08,-1.901816622043554111e-05,-7.145225082664647374e-05,2.481960209232117364e-08
7.876878089433877597e-08,-1.697346255296890139e-06,-4.715169366721024598e-04,-1.149434700735504376e-06,3.906752778307789274e-05,5.590445274816865944e-05,1.887540637640069507e-07,4.445527568950313782e-08,-1.667843662763870968e-05,1.075714505070860763e-07,-3.236910183781971319e-05,-3.363517541877872317e-08,2.799351645532815562e-06,2.895666517701567041e-05,7.315984731752954385e-05,1.100310370935242061e-07,-1.845449285949598238e-05,-6.943056660724772442e-05,9.010982154117124597e-08
-1.600290750673828910e-08,7.286459488478368033e-07,2.283063579251836111e-04,6.106651140895917460e-07,-1.895831339957388455e-05,-2.700426040455349187e-05,-1.488863493724812523e-07,7.204470542394097893e-08,8.129034188480937199e-06,8.847233411951042655e-08,1.569989817787476383e-05,9.192771932930043058e-08,-1.667740277396445541e-06,-1.371248203161474786e-05,-3.531232178892399490e-05,3.322546070382673704e-08,8.884851912756662468e-06,3.359467389595937096e-05,6.673973250415662542e-08
-3.036135739120948658e-08,-1.540026795692618180e-06,-4.166527478317336533e-04,-1.438123942993300365e-06,3.452118667213661442e-05,4.943458458336375981e-05,3.333384896529798337e-07,6.335784064843105704e-08,-1.487387498152544227e-05,5.027304234920833424e-08,-2.855174755683678118e-05,-3.457394147121405709e-08,2.472641582020210748e-06,2.515458395505320048e-05,6.436319989676314395e-05,-6.441200679849239072e-08,-1.623602040723186180e-05,-6.127115829774518174e-05,1.367819128753255801e-07
1.733658931123871648e-07,1.795620708072630066e-06,4.857856287815593972e-04,1.462942840295091642e-06,-4.067252115519081322e-05,-5.826922347451981443e-05,-8.733268939403534833e-08,7.972121776004964761e-08,1.726461411102456808e-05,3.103765197461253459e-08,3.343108654446868649e-05,3.287962515111491115e-07,-2.851629287797230355e-06,-2.949397978268836901e-05,-7.514948156372981919e-05,7.284976615206535543e-08,1.882347519995782972e-05,7.152201669612260400e-05,8.808398520098705649e-08
-1.624899501829147782e-07,-1.250366390455368274e-06,-3.325221142364017226e-04,-1.114169679357734496e-06,2.730676826321047729e-05,3.909687910820115850e-05,1.778899558890422169e-07,-1.611358117083657629e-07,-1.201957267158219766e-05,7.570747550557509998e-09,-2.290312600709414363e-05,-7.420159011687157780e-09,2.119920026363802591e-06,2.000135094174237553e-05,5.133939190332635085e-05,-1.479334289036359200e-07,-1.303988775690376078e-05,-4.870618531629849796e-05,-1.102427741273914696e-07
1.642920508875293765e-07,-9.026141085192461055e-08,7.010100792617617389e-07,-1.079148625948424128e-07,1.766744894416517515e-07,1.618292824997975377e-07,1.059772120370942443e-07,6.343619799736761018e-08,-3.334223266466934400e-08,-7.089331181832848444e-08,2.206824465053556194e-08,-4.893924967338774767e-08,-7.760239596855778246e-08,-2.395334150229939748e-08,-5.898264666111067693e-08,-9.632259244195786053e-08,8.824472084817496983e-08,1.922547389709202236e-08,-5.196206182690061054e-08
-1.882976192309534103e-07,-1.549784762469513076e-06,-3.997423521628885000e-04,-1.362374030134749492e-06,3.473534613180238401e-05,4.927337405002319473e-05,1.664823517539083161e-07,3.049574325270189510e-08,-1.455539817170006240e-05,-8.621066969824233958e-08,-2.730482570158859624e-05,-4.660597617377704738e-07,2.584687688567476734e-06,2.432507790411630582e-05,6.178993765981807688e-05,-7.530406883227350637e-09,-1.573802023232955219e-05,-5.850940131627179104e-05,1.785966061547451849e-07
-1.090568581927943829e-07,2.092494740697796178e-06,5.972877648014068321e-04,1.759729288019006791e-06,-4.892300117996158397e-05,-7.025868460219962725e-05,-1.820661346774006701e-07,-1.837220840774557459e-08,2.121332000765621261e-05,-8.634087576385852239e-08,4.109065073735646429e-05,5.290232910695205950e-08,-3.795245148705364969e-06,-3.640676206274354664e-05,-9.249149751229341287e-05,6.292162706025724502e-08,2.343633607730235421e-05,8.788951346310554160e-05,-1.824639399067099081e-08
-1.642242301231892909e-01,-5.037643970149583428e-01,2.485099964215323476e-01,-9.071583856393815315e-02,5.473787907911804168e-02,-1.858918933723657518e-01,-2.617996943571020835e-02,1.189787574303853429e-01,-1.834612275046314800e-01,-7.379811062966649959e-02,1.334391274623339674e-01,-1.428820737391141571e-01,-1.001302799640537838e-01,3.800472331979887208e-01,2.616343836840985815e-01,-4.712713585203649747e-03,-6.348581346501217526e-01,2.462972717208087858e-01,-7.962175080926955917e-02
8.111252399517810639e-08,3.709803301875331097e-06,1.015910024952004949e-03,3.184085292188344281e-06,-8.473588946261469406e-05,-1.212606534891425746e-04,-4.744534413493936843e-07,-1.882864209564062528e-08,3.625248073904590017e-05,-3.419971083377041181e-08,6.986153024677934655e-05,2.661298643942380894e-07,-6.556941049024541082e-06,-6.181708930111579937e-05,-1.571749430623885398e-04,2.138277290425524110e-08,3.972932646000267910e-05,1.493338635767123117e-04,-5.344569984987696057e-08
4.206659583865635590e-08,9.368412052710532367e-07,1.958431214953866562e-04,6.129871262670429016e-07,-1.598318763227638066e-05,-2.305753602428762202e-05,2.228969617114789277e-08,3.118757212549342722e-08,7.095104904863860157e-06,-1.292530808320073488e-07,1.357456516100314816e-05,-6.520200616875952151e-08,-9.883797397056758735e-07,-1.203417323662769866e-05,-3.017197189251739591e-05,-2.552314569978856281e-07,7.557364209760909104e-06,2.892645595435483570e-05,-1.517358705993987767e-08
3.602218697662920949e-08,-4.517734187187608047e-07,-1.436841637700150614e-04,-3.505387486008472934e-07,1.167994012212265485e-05,1.680863982280674819e-05,-8.951836708386806976e-08,-7.878105722853967090e-08,-5.211701898588116480e-06,2.947811509016109189e-07,-1.003687326058662493e-05,2.590761194058140854e-07,1.202656288079484492e-06,8.617010039848988252e-06,2.227530597962691934e-05,2.098947656424445952e-08,-5.422055117698564869e-06,-2.128872870634782025e-05,3.084363124111545473e-07
-2.141293086928134767e-07,1.829327084116632407e-06,5.663478205548102195e-04,1.574800252777783141e-06,-4.677151476471457474e-05,-6.711691557916830725e-05,-1.754373360665854841e-07,8.745555478138952878e-10,1.988839632972030385e-05,-2.901776419146649026e-08,3.893605418631083508e-05,2.476499647903035501e-07,-3.474344496281620639e-06,-3.447316238794698851e-05,-8.780053119526407825e-05,1.606390638977572409e-08,2.203373651116276801e-05,8.342135669916427812e-05,1.755003865272929921e-07
-8.767129652330636788e-09,-7.414690413357412520e-07,-1.967735113958413856e-04,-4.720072472466619982e-07,1.573677720808542598e-05,2.274281401087359925e-05,1.180477108615726263e-09,-3.751579115774216436e-08,-6.933663320137029738e-06,9.712419417104107749e-08,-1.361907350115928718e-05,7.747570950184625729e-08,1.207041431097141858e-06,1.197863538960472849e-05,3.044372955492625663e-05,-1.261736610266193156e-09,-7.691254010500848240e-06,-2.897382028766164021e-05,-1.702285806832705158e-08
2.370012844402406597e-08,1.243897192069293905e-06,3.492109359619763515e-04,8.828053215410506290e-07,-2.873774052186392795e-05,-4.117201575966729165e-05,-6.137831983007366802e-08,2.526603635921807782e-08,1.234300238560535655e-05,1.761751548697716828e-08,2.381747734171163483e-05,2.496682945894456922e-08,-2.313292305459537695e-06,-2.110561823674091038e-05,-5.403178271076758307e-05,7.135278221912711284e-08,1.382824901526894444e-05,5.122993616038272805e-05,6.229250023128921527e-08
-7.839139019064978092e-08,-2.731141684789292833e-06,-7.339172386727182539e-04,-2.118333445951501961e-06,6.142884526196221184e-05,8.777475109940873323e-05,2.006172334222880117e-07,4.021270849066792589e-08,-2.616586713937739720e-05,-2.386256084392068222e-08,-5.051124103228887965e-05,-3.501294306881121190e-07,4.513466142183947885e-06,4.466571061425168030e-05,1.135896496173714916e-04,1.847186838033691692e-09,-2.878373931000584949e-05,-1.077961840956740579e-04,1.402096540086803921e-08
-1.521288319838651850e-07,1.166467063211132943e-06,4.140014631779409841e-04,1.228272765717805734e-06,-3.404885876797137002e-05,-4.845062278416690062e-05,-2.889184431685927354e-07,-1.086185094115208927e-07,1.438452634672036737e-05,1.708849599891204955e-07,2.844991993851083057e-05,2.342336499410330660e-07,-2.780165565626851390e-06,-2.512084079189977383e-05,-6.411093468029559856e-05,5.538761169829325147e-08,1.617162041337638219e-05,6.078714534834148901e-05,-8.831589025610831897e-08
8.085100189163231978e-08,-6.034627454554526698e-07,-1.323892039082102858e-04,-4.735139177196028531e-07,1.121087323983260767e-05,1.575865257245590860e-05,1.625014803208074302e-07,1.074981644001654596e-08,-4.819220429284912924e-06,-1.571213950589769434e-07,-8.905341749621535657e-06,-2.018679994663394033e-07,8.887155352758889898e-07,8.149558432733871737e-06,2.043814382941264702e-05,-8.504628659318708376e-08,-5.375896648482264323e-06,-1.923594418356082877e-05,-6.857931110907411153e-08
4.997246877115870975e-08,1.235443541541086272e-06,3.446927088962068852e-04,1.003181665950242077e-06,-2.945034854506842854e-05,-4.187438213908630397e-05,6.572623235926413782e-08,8.521553177851144234e-08,1.245992885811881182e-05,1.037057180066674051e-07,2.352959647960336151e-05,3.171114218920492858e-07,-1.982923826198281869e-06,-2.093674113879898389e-05,-5.327666481568623573e-05,-8.940039515168273936e-08,1.337719963257657527e-05,5.066249804833384066e-05,-1.419533230206621058e-07
9.200619138710718736e-08,-1.500077547830180186e-06,-4.448452324241071150e-04,-1.219972325572390404e-06,3.690400928702660332e-05,5.285574878729393689e-05,2.232833344771763770e-07,6.129620954145281375e-08,-1.575623877653152934e-05,7.355202723301824874e-08,-3.066842238671231558e-05,-6.735019262106627462e-08,2.893924607355550072e-06,2.707936490039476778e-05,6.885969038096828078e-05,-7.109209234214862439e-08,-1.737292588046084776e-05,-6.553047017232139593e-05,-3.315773016674347632e-08
-1.958712138457986871e-08,-1.879528598058750145e-06,-4.789612324053551845e-04,-1.401738055209026068e-06,3.920956258974899432e-05,5.616667594129864466e-05,2.167837928206909677e-07,1.535658060260076680e-08,-1.699811998483783968e-05,1.887061536403251129e-07,-3.294407991472509409e-05,5.981853241722390312e-08,2.767090157871079284e-06,2.925558854520898098e-05,7.421803627778700806e-05,1.172564430557954104e-08,-1.871345610134608872e-05,-7.042331957888345719e-05,-4.994846576616839028e-08
1.766353127015797745e-07,3.586323922906781839e-06,9.435997689146242897e-04,2.975294047500555204e-06,-7.992507420862458801e-05,-1.140068540346838530e-04,-2.428808187491360202e-07,-1.085764061573352013e-07,3.380701541013045054e-05,1.026659791366379991e-07,6.481274263710333115e-05,7.617357782633063603e-07,-5.579469792032804116e-06,-5.761111237790759922e-05,-1.460975655715129700e-04,-1.794080356942280402e-08,3.705088929668436001e-05,1.387054768144220464e-04,-2.068633374654824786e-07
-2.073000008026642068e-07,-6.798466205373188019e-08,-1.387722946131679024e-05,-1.128571037532482077e-07,1.182490656019908762e-06,1.566850956098765264e-06,-2.489356852306036366e-08,-2.006473807255776262e-08,-5.630871715145083559e-07,-8.816647690174838020e-08,-8.384752088582522782e-07,-1.862807766209603304e-08,-1.456891707356081815e-07,8.926644496301930880e-07,2.128793629039673675e-06,-7.097028162929294372e-08,-5.826124417175868983e-07,-1.916570427002559286e-06,-4.430184886772449947e-08
1.912453730399472378e-08,1.441917487687341535e-06,3.379745335868846920e-04,9.117315110638000575e-07,-2.797440440080388346e-05,-4.013343911625072278e-05,7.752540885293500538e-08,-1.035560840506219758e-07,1.222269572739436684e-05,4.700449090336519031e-08,2.327766537891398191e-05,2.028626515414466865e-07,-2.177820134282564803e-06,-2.060060450751590247e-05,-5.240245812232082438e-05,1.065129198123739667e-07,1.334123555308425856e-05,4.972336064181022988e-05,-5.209286950464690721e-08
6.495820797773104575e-08,-1.343318233797616711e-06,-4.202614280670935519e-04,-1.146197326838738345e-06,3.512958064532174958e-05,5.027742252339346333e-05,1.152623139339588570e-07,-6.605880812302663980e-08,-1.489645290305963573e-05,2.688605587383164133e-08,-2.891985247042058027e-05,7.825289091090846017e-08,2.529094377792887100e-06,2.575915444263141512e-05,6.503586364004725724e-05,3.615674307746971102e-08,-1.641446611324275237e-05,-6.175877011559614512e-05,7.854277488899373328e-08
1.462963858572772504e-07,-4.297954956227329191e-07,-1.154782904066593266e-04,-2.526855942063535577e-07,9.513677362451315996e-06,1.375314976080523162e-05,1.495125350998686562e-07,7.616643794086576714e-08,-4.033189093462727235e-06,1.451349048663488237e-07,-8.044702915864602864e-06,1.997392291386178381e-07,9.262288547645531950e-07,6.998286168575767460e-06,1.794292333759097492e-05,-6.284256359627911876e-08,-4.501697311425475360e-06,-1.702223663384557907e-05,5.137667674329429437e-08
-3.801036175819870609e-08,7.629753526099763717e-07,2.535098420763811332e-04,7.771897512911192251e-07,-2.132089573303168152e-05,-3.043976145948401620e-05,-1.477414452310314910e-07,4.724327572363818663e-08,9.074521229929660094e-06,-9.348010148625372552e-08,1.746099975363306527e-05,7.557403710492861593e-08,-1.610203107837534532e-06,-1.543836562096614407e-05,-3.918516475984472249e-05,-6.107748964875270229e-09,9.806011946011165307e-06,3.730945822807259715e-05,-5.660897942611048304e-08
6.865317376922117044e-08,7.999674082526923780e-07,1.863634768760896873e-04,5.853422860191399865e-07,-1.526053816871762093e-05,-2.169438960411427931e-05,-9.511496050794018348e-08,2.655931880207457775e-08,6.708234125044551826e-06,9.265651151223820524e-08,1.288305175068607132e-05,1.449374949913704995e-07,-1.065726677625608070e-06,-1.151786610693918416e-05,-2.871824976397798504e-05,-2.028506258212317387e-08,7.424502894927562421e-06,2.717173524842903594e-05,1.148008126046197705e-07
9.101729517604843791e-08,1.070247871583857896e-08,-4.385262471754625477e-05,3.614610386933370476e-08,4.285775286845327909e-06,6.087307010079196686e-06,-4.543798812087619651e-08,5.866577731762363304e-08,-1.537779057481807445e-06,-4.748128850415439331e-08,-2.903363962381003836e-06,-1.954945175954496957e-07,1.547977814558987356e-07,2.897608070280911123e-06,6.785295285679731036e-06,-6.538509714339211057e-08,-1.648654619277571859e-06,-6.564087316815467962e-06,-3.627973316349935740e-08
-1.166551991974273545e-07,8.500005539281248199e-07,2.955644465405200599e-04,8.373032263220434777e-07,-2.477982487466275386e-05,-3.545337533256791692e-05,-4.979766394897571371e-08,-2.207114510521617232e-08,1.042350243565067447e-05,-6.771201053205416473e-08,2.013730062013722994e-05,1.273380359607908945e-07,-1.810226172368121487e-06,-1.787906819701538995e-05,-4.572591948140053078e-05,-3.299041421308376981e-08,1.146129611207808219e-05,4.355754172437090416e-05,-7.948659524820536533e-08
-2.497652830014708353e-10,-3.026200370718031098e-07,-9.088605801778799908e-05,-3.016179357955482172e-07,7.652739832120224555e-06,1.086602787768203774e-05,6.607637235245365356e-08,-3.747305821814318382e-08,-3.182807983151637631e-06,-5.449177526373710870e-08,-6.219890533466288051e-06,-5.630523716161953735e-08,4.642127756986389756e-07,5.567105451751374130e-06,1.407606902542976459e-05,4.349190688643400143e-09,-3.547189565278591941e-06,-1.334982209570167771e-05,7.226350699962312603e-08
1.283230156349271674e-07,6.781717316821462014e-07,1.394813505050745105e-04,3.282420355187943956e-07,-1.141296431829267634e-05,-1.629962219145841370e-05,1.504107662081241818e-07,-3.304244029104948101e-09,5.007392057651857919e-06,9.558354762512729742e-08,9.408892633950542586e-06,1.294635276319096655e-07,-9.857377146467574633e-07,-8.373314948570189926e-06,-2.160602603082962481e-05,7.849544092662842858e-09,5.475123060888665997e-06,2.052425005695425063e-05,-7.693645926895895631e-09
-7.667057591557871029e-08,-2.774929374291457617e-06,-7.302880465743823157e-04,-2.181261814293457901e-06,6.064114633404814797e-05,8.661935514929431019e-05,3.063159644340444346e-07,2.455147183579918656e-08,-2.599444176617430645e-05,-2.650223601877129944e-09,-5.012554345685496949e-05,-3.496540308597590003e-07,4.204047368329814926e-06,4.455186629568271163e-05,1.130944752623726815e-04,-3.496460467905996959e-08,-2.865762571893645271e-05,-1.072702904799632248e-04,-3.920348399313178618e-08
-1.221208614193415417e-08,-2.488858112281139229e-06,-6.748730108621244471e-04,-2.151561325506430060e-06,5.607419173236982744e-05,8.023040975586980125e-05,3.762142668859106165e-07,-5.079788973936724810e-08,-2.399695326798193136e-05,-8.801686626685783946e-08,-4.651528332534043394e-05,-1.367266373111272825e-07,4.247043712580572810e-06,4.110755689077372752e-05,1.044700819737229291e-04,-3.823446252247755481e-08,-2.644312149629649391e-05,-9.909968752309350460e-05,-5.088281772363678150e-08
2.370482802991802189e-07,-4.284755635784808149e-07,-1.531054912580971953e-04,-3.690164394900606042e-07,1.271826878510313686e-05,1.826163284565262811e-05,1.498901572683940241e-07,3.723255591384683371e-08,-5.167617072407253831e-06,1.882672062299354386e-07,-1.049563130069465805e-05,2.641336775507079147e-07,1.280341375856084447e-06,9.243960684721379029e-06,2.369051253594075699e-05,1.018949414369723311e-07,-5.926668222676584157e-06,-2.260732729523240209e-05,9.741094518747518879e-08
-2.066066676073435027e-08,-7.711752790628009564e-07,-2.175474921699033931e-04,-8.365448862972027260e-07,1.842748482864565318e-05,2.633342068875183303e-05,1.475939614121273038e-07,-1.023565457329771272e-07,-7.861889725113870828e-06,-3.960175547225781081e-08,-1.490506129641311239e-05,-1.204765142585934791e-07,1.592458064125619988e-06,1.304235997275678404e-05,3.366086774422144805e-05,-5.538276698332263482e-09,-8.428598603886304131e-06,-3.195912203709121076e-05,-1.207159868529584019e-07
-1.450706485129654122e-07,-4.291612630140345833e-07,-5.042676472112178214e-05,-1.818957298256582290e-07,4.210215834765942664e-06,5.935109409369725513e-06,-2.760689632181136178e-08,-5.063136898425854818e-08,-1.874051809871983971e-06,-1.541962092984717627e-08,-3.392342312696270688e-06,-1.118575750696390404e-07,9.553762604251649931e-09,3.036832287745608587e-06,7.800881710465550555e-06,-4.633749184431232470e-08,-2.162663805381163082e-06,-7.466916074063928225e-06,-5.146205852593513138e-08
2.262522743908665510e-07,-2.029391730585694767e-06,-5.866770932641226285e-04,-1.507031832384233406e-06,4.764344852987076724e-05,6.814095899096466380e-05,2.253440388260601881e-07,7.480175213902070927e-08,-2.046402867026278784e-05,1.344143291642480834e-07,-4.050361277532553244e-05,1.580428666884213210e-08,3.641254906899609427e-06,3.581229408694692193e-05,9.085495685619229703e-05,1.114652249255115551e-09,-2.301749883155545197e-05,-8.626307819512241213e-05,6.210411946106538429e-08
1.187672416345692988e-07,-1.555800965420289491e-06,-4.404263309191508609e-04,-1.351407646478252047e-06,3.697650015698047461e-05,5.275600988967236798e-05,1.910954979093738917e-07,-1.577346649390366880e-08,-1.562839841214515001e-05,-9.662774066460508567e-08,-3.018776149624893211e-05,-2.654340520640976265e-07,2.737451823470103590e-06,2.679852409270406637e-05,6.807600855636773533e-05,7.522893237506828976e-08,-1.711376716931566056e-05,-6.462323148524263053e-05,-2.383412349954549225e-08
-1.076621147369689747e-07,-1.469851644728399449e-06,-3.461755703340794414e-04,-1.069697117963943744e-06,2.962942972534039518e-05,4.210886054233190260e-05,1.179435387329940747e-07,7.321509133771326364e-08,-1.243027135628608885e-05,-2.529243247026603433e-07,-2.373221844746735898e-05,-3.427024876285060042e-07,2.228272038254536274e-06,2.113685944483938495e-05,5.362841135070927533e-05,-1.501064786731959266e-08,-1.369531866251971328e-05,-5.063533523617749392e-05,-3.421322844157030254e-08
1.273562722839388638e-07,-2.386117816522391635e-06,-7.006306782286640319e-04,-1.961662330191128471e-06,5.801450676307824808e-05,8.314235145162406733e-05,2.609912230396317179e-07,-1.924151648380976021e-08,-2.476882465825878827e-05,-1.045777283205185290e-07,-4.800272449230782686e-05,-1.129283301458712858e-07,4.303099697553170534e-06,4.238322624124739969e-05,1.083446490189882697e-04,-4.550445781524378598e-08,-2.731915949360734763e-05,-1.030336583876489796e-04,4.432571018719923404e-08
-1.139680617284893245e-07,-1.361910276513484282e-07,-1.572168380881303081e-05,-1.653216306598597995e-07,1.798909586385983054e-06,2.494498563471097257e-06,1.214537275895544718e-08,4.837978833963339699e-08,-6.706080299809057548e-07,-1.504027183169857582e-07,-9.309502277459738014e-07,-1.131988869282335127e-07,1.893486148041043510e-07,8.746737994664009045e-07,2.481282530484026615e-06,-2.417719869916510760e-08,-7.501720454704379234e-07,-2.174534973167733505e-06,-2.738664265545749373e-09
-1.700429800933956689e-07,9.751274891269305020e-07,3.263847819008162130e-04,8.807599508029067500e-07,-2.674407703005659556e-05,-3.839579092136598563e-05,-2.711949774558669218e-08,4.085145233594476616e-08,1.153050515362309049e-05,7.326885647787327736e-08,2.253288019826281085e-05,7.362211339252168888e-09,-1.942448513867488726e-06,-1.977608634950316191e-05,-5.046762794029573178e-05,2.954364144286906659e-08,1.260451096616321007e-05,4.813628333036380373e-05,-6.162692148901962702e-08
1.539092010314373034e-07,2.071764053548671259e-06,4.989822242180081205e-04,1.518990395200862192e-06,-4.163734852569005320e-05,-5.949515494177764818e-05,-2.322845958832779686e-07,-3.784135925605813916e-09,1.788369007488383375e-05,1.684607320303938411e-07,3.431863333204193380e-05,2.505054866803084032e-07,-3.217361320520802631e-06,-3.062402520750970785e-05,-7.726226851440524306e-05,3.740337797658392195e-08,1.969086990221650003e-05,7.314793142999757966e-05,1.971235946857226379e-07
-1.017687701436725927e-07,-1.156022668648085542e-06,-3.390958017764024641e-04,-1.039711796411039242e-06,2.803302925122292156e-05,4.012314307020991021e-05,6.005821885793343165e-08,-4.561873061601359119e-08,-1.205291822628387641e-05,-6.031745332059789307e-08,-2.319132918438825976e-05,-3.389189695136857636e-08,2.046290295837191536e-06,2.053184056191863322e-05,5.241909418625831455e-05,-1.413614880767485910e-08,-1.323885085202357506e-05,-4.984990150593257742e-05,-6.425506747538936043e-08
2.382596209037738467e-07,-1.403583603736694961e-06,-4.213405026915616907e-04,-1.190172264396347286e-06,3.503352991813389768e-05,5.015293302028440194e-05,4.349390790313732499e-08,8.072784451797703855e-09,-1.476586944436974096e-05,7.046851566983501274e-08,-2.894643908568288957e-05,-2.311213296897656083e-07,2.589048239718733585e-06,2.555606171397409754e-05,6.531419831642327925e-05,-4.156048482246479468e-08,-1.624864724757397549e-05,-6.222441522811155746e-05,1.201786761488499961e-07
1.800344593672505962e-08,-3.142812444248549365e-08,-1.688071489309192312e-05,3.642484204230005067e-08,1.509364518061253758e-06,2.046478664106779848e-06,1.468338655678985762e-07,3.487811946632533846e-10,-6.342848367069172391e-07,-1.603944828257845913e-08,-1.189925147431559779e-06,-6.952910216580455489e-08,2.376971968252759635e-07,1.024797737106332349e-06,2.645107481951659536e-06,-1.866427099392692392e-08,-6.515471233610389798e-07,-2.352301739634458140e-06,2.891356813636138040e-08
-4.330040903336537585e-09,1.388164169609575777e-06,3.962173863270877024e-04,1.139584798824398088e-06,-3.287189917108619149e-05,-4.703856411648137771e-05,-1.394759602793017937e-07,4.101644970119652095e-08,1.410917363911577261e-05,-9.948257852461309445e-08,2.727376973883007005e-05,2.127255212237297022e-07,-2.453589386464997304e-06,-2.417259715888431731e-05,-6.124811261965429137e-05,-2.452092031796087480e-08,1.547834896590353699e-05,5.836629794994417300e-05,8.343851821089791152e-09
-4.015411428477337026e-07,1.654945336075120548e-06,5.096904494086344729e-04,1.195130367109916861e-06,-4.192559329937412351e-05,-6.007918431216784859e-05,-3.603662596602681899e-07,-1.095225322016410673e-07,1.763759685345010043e-05,-1.839193387239642242e-07,3.495768325266260902e-05,-8.839755612312690547e-08,-3.142138280843145812e-06,-3.113476894058364130e-05,-7.902212862326468462e-05,1.721616596346089464e-08,1.986865101867814137e-05,7.512504119948839741e-05,-2.080515990158202101e-07
-2.650426770371667740e-01,-1.753114013651007608e-01,-8.848691585445465912e-02,1.386469295833266981e-02,1.205871620049956128e-01,-9.640306146441379731e-02,8.723708531422082191e-02,7.264185017081837073e-03,-1.598688263430886602e-01,-5.716409243206718727e-02,-4.690053996831486383e-01,-2.051448489874851261e-02,-8.891813275434983996e-03,2.354868527320769789e-01,-1.338767225281342899e-01,4.684375934920001483e-01,-1.460705642143591554e-01,3.089283240981277046e-01,-8.192183299389729778e-02
5.443288747021312046e-01,4.971687136295135923e-01,1.543088522533297979e-01,2.678563245271584070e-01,1.257811685533918866e-01,2.452933820064467363e-01,1.491231419743981879e-01,1.457308178675174870e-01,8.223209007703327078e-01,3.036039721680938164e-01,-7.390343054361264707e-02,3.950855610268773632e-01,3.515841321679123443e-01,-1.418062982229674474e-01,7.453194848375120640e-02,4.519830233240799966e-02,3.305764987723712744e-01,-2.169572344169227451e-01,4.657161130236828206e-01
-4.973804494877360087e-08,-2.376242368053710110e-06,-6.662465074375176818e-04,-2.016293360121611614e-06,5.528777690716455188e-05,7.910814274395545193e-05,2.661015596746590140e-07,-3.346865642687183879e-08,-2.372736147398136087e-05,1.869051066462294396e-08,-4.583973631724412801e-05,-2.015921144516106634e-07,4.146023010031101380e-06,4.056180505530934953e-05,1.031117135756303023e-04,-2.299762516607213980e-08,-2.608554871523642400e-05,-9.790400972816647705e-05,-1.121426650336374083e-08
1.415783578160174564e-07,2.141457487535323343e-06,6.354041715939389313e-04,1.828150332713939039e-06,-5.244379789129819048e-05,-7.508178244236681995e-05,-2.175948045008474196e-07,-8.187370235442415834e-09,2.245692257301982705e-05,1.022132333999823398e-07,4.357396207674906169e-05,2.864226613733809750e-07,-4.050584245593293367e-06,-3.863141272326053258e-05,-9.826963816324454243e-05,2.903563237577590130e-08,2.480123010885821228e-05,9.350795779745538607e-05,-4.926624477135620894e-08
-1.707858931745127758e-08,-2.473858649122562671e-06,-6.880310814114619627e-04,-2.082599706509962293e-06,5.721082156958853386e-05,8.198812485488694260e-05,2.302816339167213811e-07,-7.953302021904138472e-09,-2.455793168779308989e-05,7.246081585696649312e-08,-4.731985945961264908e-05,-1.533765498283586396e-07,4.188159365870053466e-06,4.181168356143609557e-05,1.064266323819279108e-04,-1.045570059638472108e-08,-2.689729012692925944e-05,-1.012122661297454849e-04,-3.396955953675317084e-09
3.439834564416127273e-07,1.633175261083786201e-06,4.108117487561420162e-04,1.327141871272946966e-06,-3.387118076724071619e-05,-4.849730086235111865e-05,-6.499026473125980216e-08,9.154128428713662206e-08,1.500051197499551043e-05,1.494316026230476805e-07,2.815035699217692880e-05,2.668782912000757063e-07,-2.569764135030974269e-06,-2.503236020719377445e-05,-6.352245277515240567e-05,2.469108147635856966e-08,1.616699910989392598e-05,6.032187233642337301e-05,3.763121936092506822e-08
-1.222686580385551114e-07,-1.145368666857485039e-06,-3.094366721955040217e-04,-9.766868764914048305e-07,2.581704647465831668e-05,3.695506344543930590e-05,1.442834294682599469e-07,-8.519365993039486826e-08,-1.111350702891589086e-05,-7.523607630467758958e-08,-2.110384364862404836e-05,-1.336899061011435470e-07,2.017216933842222910e-06,1.880476159832529683e-05,4.780868226186743130e-05,7.797145281587903807e-08,-1.222761602255368207e-05,-4.545598663561088921e-05,-6.548723709806596289e-08
-1.211216341778978433e-07,3.239564454068809029e-06,9.366365775563133440e-04,2.678566768545996391e-06,-7.775980997185052133e-05,-1.112077995793438645e-04,-4.275996836843571519e-07,-6.586490225935472843e-08,3.320876410009479253e-05,1.603797603851800068e-09,6.449109150666506847e-05,2.990837301971477985e-07,-5.902816469661214216e-06,-5.702185228154967137e-05,-1.451156288056715358e-04,3.715105184593771561e-09,3.665884585175333839e-05,1.376519920667493345e-04,-7.164099328304459632e-08
1.002527969087148979e-07,2.023509488755296196e-06,5.379969363973365190e-04,1.685854810686619098e-06,-4.497503723133046118e-05,-6.435334572722275495e-05,-2.121531920373602565e-07,5.421736572213365331e-08,1.931222684606911420e-05,6.115974768655591990e-08,3.697968308028124184e-05,1.401390117479499136e-07,-3.186482829822773263e-06,-3.275909499599476317e-05,-8.310109777694908348e-05,-2.586907213058469516e-08,2.103777312227959721e-05,7.909904397907553144e-05,6.413116009424468913e-08
2.303208855986037504e-08,5.409820409689571521e-07,1.409804106821953046e-04,3.897458272061067892e-07,-1.137334198340077147e-05,-1.631689961342483846e-05,-1.814985050066117875e-07,2.039049065173815231e-08,4.957919222351109614e-06,4.110079158776734041e-08,9.749785531136700474e-06,1.243443817663478947e-07,-9.231592665186834312e-07,-8.538127543310712971e-06,-2.186764482831602381e-05,5.380994474526475315e-09,5.551737127846299664e-06,2.074118732835327915e-05,3.020015445359597204e-08
1.059061650848035872e-07,1.338327316756306982e-06,3.564544671842352803e-04,1.058536093742397766e-06,-2.996432171630719596e-05,-4.276568912737469983e-05,-1.272332749747436515e-07,1.599976235008132229e-08,1.276838915453197719e-05,1.069834074884420187e-07,2.454777427207023650e-05,2.043870299585506995e-07,-2.184622750730627281e-06,-2.170846721047877694e-05,-5.520120508002112323e-05,1.911513428879022129e-08,1.393425479939697870e-05,5.237686348032261833e-05,-5.553465926870828805e-09
5.815468212743010969e-08,2.394291686971183211e-06,6.618579259943120066e-04,2.073159414900631348e-06,-5.541215144062996501e-05,-7.927777634114839740e-05,-1.564212041557230836e-07,-5.968263537682263619e-08,2.372742239410707572e-05,7.227083845756128913e-08,4.547481786718813034e-05,3.536463599306072738e-07,-3.993552044207065965e-06,-4.039526377197021707e-05,-1.025221898697933686e-04,-4.882374932724065615e-09,2.586427918479170787e-05,9.733073410640227243e-05,1.026900054220009265e-07
1.012667380979732093e-07,5.026553806716199402e-07,7.384052036202813640e-05,4.156194782163985722e-07,-6.145367478781574705e-06,-8.865827823228895107e-06,3.183347838413898864e-08,2.091542429508269111e-09,2.818134319039997578e-06,1.332428115114555401e-07,4.966278882959411819e-06,3.984513173714249506e-08,-4.457108257313232840e-07,-4.698539166266958504e-06,-1.145090647416635590e-05,-4.700120560966946127e-08,3.054246920822470124e-06,1.068031735229724535e-05,1.825035203157508103e-09
1.771345174309865622e-07,9.792947129876513976e-07,2.851301985060542888e-04,7.170719605709185409e-07,-2.365404513584702274e-05,-3.386296122905363063e-05,-3.017759031113928867e-07,1.182391483841375000e-07,1.039917400734015122e-05,3.181882777338927869e-08,1.956947287247717289e-05,4.065821200210130404e-08,-1.879277168419682089e-06,-1.701258150633868613e-05,-4.407811774132588549e-05,5.535196948860897533e-08,1.114404908116674013e-05,4.191584458302773596e-05,1.110127354106405614e-07
-9.153794715335401989e-08,-2.477965445212596105e-06,-7.826080174608919570e-04,-2.359356491420568430e-06,6.474667396476082410e-05,9.291291709214493581e-05,3.453453247662872920e-07,-4.453777096312475943e-08,-2.768238891626697239e-05,-1.175091658359516916e-07,-5.395849513996834034e-05,-2.321693464005173094e-07,4.990179188826722355e-06,4.759270558496786133e-05,1.211342623934458885e-04,-1.329928181809325705e-07,-3.045002963002983246e-05,-1.151696869265680446e-04,-1.345283139167940208e-07
2.207042749250932837e-07,-2.369566986723359871e-07,-9.788553255284495117e-05,-1.861238923864400266e-07,8.067115083818386287e-06,1.147727939932015783e-05,2.429425964614145514e-07,3.050810197381046625e-08,-3.175244689537304245e-06,1.432251419951028519e-07,-6.748711641647172614e-06,2.431186277661259135e-07,8.640474737476158993e-07,6.027172422298419649e-06,1.520749200369176374e-05,1.730659315957631552e-08,-3.729842839616942721e-06,-1.434259102430870810e-05,1.714224248756529341e-07
4.050596019354526511e-01,1.657773623739814683e-01,4.077617625771399329e-02,8.731938952602864845e-02,1.811551532742304224e-02,9.618531516938820525e-02,1.033447340863357343e-03,1.419407418947236758e-02,2.421953308048310494e-01,1.394041988468827376e-01,4.830575656843529714e-02,1.436886158670639402e-01,1.211000207379160365e-01,-6.034176440324501983e-02,4.401338706568583281e-02,-3.846188149087895886e-02,1.161627870197423362e-01,-8.196010001663765754e-02,1.188469297643803824e-01
-2.861990623407515681e-08,2.119884595555100706e-07,9.664276750852865633e-05,1.738627347202751163e-07,-7.875446832856087376e-06,-1.128175963694675904e-05,-1.430483891957905869e-07,4.368291959062443945e-08,3.331403041616678426e-06,-1.813688985014182525e-09,6.434238000740598116e-06,-1.713411539748848130e-08,-8.137702963935957516e-07,-5.763064228959202319e-06,-1.493178823719935801e-05,-9.536132852585326193e-08,3.784004271001313785e-06,1.408648516160599744e-05,-6.257792892337774382e-08
1.854501623041634582e-07,-2.279001632104249536e-06,-6.554664051090093287e-04,-2.046575989613323066e-06,5.426596397936557948e-05,7.752761066057324698e-05,3.319550276067064354e-07,-5.358720789124301649e-08,-2.310831630019732368e-05,3.270026217608651540e-08,-4.510742033686909177e-05,-2.913693162263773917e-07,3.514813238086195931e-06,4.002421334949943227e-05,1.014510990177054000e-04,9.875849872885723639e-08,-2.570234785549856192e-05,-9.639862387203548811e-05,-1.306309298559787872e-07
2.159192003002789703e-08,1.805088776157558325e-06,4.791003262343448673e-04,1.503114957267235506e-06,-4.058377014804212193e-05,-5.797863405231936897e-05,-2.352675802099867183e-07,2.864188888442542517e-08,1.726473192078984786e-05,3.138200211876028924e-08,3.285293512639770642e-05,2.916717439284405826e-07,-2.797821756270563353e-06,-2.914439084463920265e-05,-7.407667303508952015e-05,3.057676169112670940e-08,1.878637760413210485e-05,7.031171138461823021e-05,8.474489965190331688e-08
-5.212699393364423193e-08,1.038542637121873077e-06,2.990520600667079102e-04,8.455040710703750356e-07,-2.496239152603782344e-05,-3.570399654104543729e-05,-1.997979141759322165e-07,3.415079502111460905e-08,1.054317388360119470e-05,1.302394622425079556e-08,2.060467923520240997e-05,9.192685210294903856e-08,-2.052115478312418192e-06,-1.804386784171178621e-05,-4.629019441789206270e-05,-5.689172330719946313e-10,1.166279907710714067e-05,4.400317509338563728e-05,-1.272050497461328992e-07
-6.163323551108692081e-08,-1.297436670894245816e-06,-3.134887036474793176e-04,-9.265856226761958133e-07,2.570004475388594186e-05,3.699989592941845245e-05,1.347257588413273404e-07,1.338082485943976903e-08,-1.103828771343540760e-05,9.895335746063710760e-08,-2.185423188570290124e-05,1.314352528006736425e-07,2.162473666389506431e-06,1.916705890552257798e-05,4.856580427930611861e-05,1.105417761096566930e-07,-1.219469831353011602e-05,-4.606528457919110433e-05,1.067927727047445467e-08
-1.478390523360049814e-07,-2.128571235207165824e-06,-5.628992108444271555e-04,-1.887588761998117296e-06,4.733347551239636076e-05,6.758956848273972974e-05,2.077096647390022036e-07,2.382683658742118328e-08,-2.022487433600403037e-05,-1.832454421294170384e-07,-3.872248369845541382e-05,-3.919363704039069349e-07,3.426191599990298016e-06,3.427468516040425346e-05,8.710712649228479095e-05,-1.487136746395976219e-07,-2.219651596650033866e-05,-8.257817076370553848e-05,5.060088746050098075e-08
2.154623824651717639e-07,3.069389631519714399e-06,8.497273057465701968e-04,2.527403101911351824e-06,-7.071349226186706403e-05,-1.011565207646731836e-04,-2.432453142382070585e-07,2.439171347800086092e-08,3.024701080312962458e-05,1.526799165909855292e-08,5.833249383275276981e-05,2.703671312573435651e-07,-5.191072525703189299e-06,-5.173253472711366089e-05,-1.314949285510357967e-04,-6.428115070204214192e-08,3.334010017552973252e-05,1.247426624451969293e-04,4.085610812599448336e-08
-1.274059633277621990e-07,1.697314138444538850e-06,4.880930196213244124e-04,1.319416521249741230e-06,-4.035355597256718357e-05,-5.780778032900703544e-05,-2.732523839829859741e-07,-1.709807628675857363e-08,1.734929310519991411e-05,-1.611068276894638243e-07,3.363676450278003916e-05,5.994523296456512766e-08,-3.098542649730181872e-06,-2.977815004283049761e-05,-7.560454123220705864e-05,8.072356603431244422e-10,1.905244225430130918e-05,7.175191618379565687e-05,3.720866605643724141e-08
-1.304930425167277340e-07,-2.079774230398490342e-06,-5.706902292230650077e-04,-1.966453905323732300e-06,4.817432192291387340e-05,6.855746662700777302e-05,1.367026754875937374e-07,9.246259883161028691e-08,-2.045690658162115701e-05,-2.434619981325001787e-07,-3.917097205634028631e-05,-5.347243533944678768e-07,3.301629471491172957e-06,3.476954680138260012e-05,8.826943411874502566e-05,3.033632294817888314e-09,-2.241128073122369772e-05,-8.376612856543733262e-05,1.758447871008257916e-07
-4.964280822120682723e-02,1.070695451302695542e-02,1.146513083842875614e-03,2.697025430251896380e-02,2.241110958445031651e-02,6.703002764835278016e-02,-4.488468932008319867e-01,2.595364105524750400e-02,-5.850713700567568287e-02,4.371366346234667466e-03,-1.490279282522262612e-02,-9.670206896629254811e-02,-9.229989032959745598e-02,-1.193182414156092504e-02,4.635024100069879555e-02,-8.959327471654167374e-02,-7.472458559334781147e-03,-5.438643998565183268e-02,-2.838924625791318657e-01
4.305199713419539312e-08,7.908575617755575766e-07,2.109978084524447050e-04,5.594810825196917562e-07,-1.759884103485896716e-05,-2.518173195930028442e-05,-6.333591157397240843e-08,-5.614250842800262204e-08,7.469699863064879187e-06,1.372473330773234854e-08,1.449340012854328148e-05,2.066947677991941021e-07,-1.167209750413401445e-06,-1.289978500226174605e-05,-3.268186069415521662e-05,2.118339614076002352e-08,8.378461133773144415e-06,3.097038764742904564e-05,-2.785115302311225831e-08
-1.979694470963764652e-07,7.321904227384355307e-07,2.788761582557401685e-04,7.436605962465641653e-07,-2.278030150286598359e-05,-3.269354739093942709e-05,-1.286619033431191071e-07,1.883776596837733966e-08,9.734146916114577345e-06,-5.969493375237754611e-08,1.907644209690300259e-05,-1.090006071060315065e-07,-2.259578737485182787e-06,-1.684126957786523577e-05,-4.321947598658762240e-05,1.197625903413069830e-07,1.081776196544033854e-05,4.116145467523957111e-05,-6.707898187658330484e-08
-1.097684890351030249e-07,-2.833316938101420521e-07,-4.810778529466325286e-05,-1.159892115497329110e-07,3.986250878135350954e-06,5.606108202984025591e-06,-1.087053615311633553e-07,-5.957642494928328361e-08,-1.775698666139432876e-06,-1.069669115550672307e-07,-3.201035247190483303e-06,-2.042790062463995229e-07,2.196782509538421579e-07,2.792293496698554478e-06,7.360713887870615798e-06,-7.717206274671361847e-08,-2.005158116428297536e-06,-6.953843975960117123e-06,2.177578385943366136e-08
-4.211421806782540005e-07,1.241993688821369229e-06,4.333754888466495245e-04,1.204440046292886694e-06,-3.632104577673287500e-05,-5.190836247123233521e-05,-1.911714354261724262e-07,1.012221191616447497e-08,1.528414678247109389e-05,-7.602074897263794297e-08,2.974946316546792942e-05,-4.997087274468883167e-08,-2.929706109906900932e-06,-2.634828271698066445e-05,-6.710280724061417918e-05,6.130339089564544030e-08,1.681900377116006006e-05,6.389788299710231763e-05,-2.838569944830186886e-07
-1.382205403950176560e-07,-3.133304992397203854e-06,-8.202153212872246961e-04,-2.561864981127429657e-06,6.891201243797951347e-05,9.823056008066417908e-05,5.090805795043276378e-07,-6.053447009994438426e-08,-2.940566688017165004e-05,-3.472152205385390810e-07,-5.632597539113452675e-05,-4.286510942777189836e-07,5.006111973960661083e-06,4.997325676093250665e-05,1.270335759513591708e-04,-2.168194192505767927e-07,-3.234263530228912505e-05,-1.203496349871092355e-04,1.509450582900634728e-07
-3.890422522034317158e-08,1.464536101357863057e-06,4.479488178646135322e-04,1.298054904298515383e-06,-3.767420441180307540e-05,-5.386645034816081080e-05,-1.729551888494583959e-07,-1.101019827110253067e-08,1.584817242725516039e-05,-1.261803772360890200e-07,3.072991693634633984e-05,-3.842183977067026338e-08,-2.700130207660658364e-06,-2.725379159382971552e-05,-6.933024758443722031e-05,-8.343853537717814418e-09,1.749740970430633117e-05,6.586039212164630666e-05,-1.485935621015989150e-07
-2.706175547408852583e-07,1.529334649956742693e-06,4.357495241265997923e-04,1.209116912863155517e-06,-3.626803237001538570e-05,-5.192288999038317739e-05,-2.734660892442190543e-07,-3.469009929756859374e-08,1.534965047223733068e-05,-1.656254840541554597e-07,2.992717783161888303e-05,-3.209852319009417002e-08,-2.894290325052266088e-06,-2.656385064382196215e-05,-6.756955643380321169e-05,5.677615611745405036e-08,1.704097738279904969e-05,6.412594284353984129e-05,-7.371033906713711698e-08
4.659852186804366775e-08,2.625754433448447940e-07,7.086770039264566582e-05,1.761043050150313882e-07,-5.212653095460436818e-06,-7.517491272260334855e-06,-2.842591539450130371e-07,9.223615410248084438e-08,2.571738110156143163e-06,-9.249998862701891581e-09,4.885050732756641443e-06,-1.465934766263379577e-07,-3.879659773172657896e-07,-4.285815309877649015e-06,-1.088350419103236822e-05,7.740973048890658628e-08,2.822600104522435353e-06,1.027928848968165660e-05,4.053133067933108448e-08
-1.239448861953202382e-07,9.076875991583355736e-07,2.527018653902304824e-04,7.112965320582915266e-07,-2.051126557457166961e-05,-2.951870194921916654e-05,1.532751083408312637e-08,2.010856321784577122e-08,8.900452833291671621e-06,-8.882349700998271039e-08,1.727298240148891043e-05,6.799179895962908930e-08,-1.575040429662522247e-06,-1.540270975930862013e-05,-3.918731242883436621e-05,-7.929243928932722503e-09,9.915880753068566643e-06,3.718305575932653114e-05,1.636970742051926036e-08
-2.992358500867571565e-08,1.559868116153811706e-06,4.136803401245216835e-04,1.174565291550821641e-06,-3.399366897513143930e-05,-4.876508528122678069e-05,-1.547845422117210722e-07,3.925601695794534329e-08,1.469148338511646369e-05,-7.722950243544141781e-08,2.845772778356397314e-05,3.931975022196096415e-08,-2.617281250294497133e-06,-2.523185642757732686e-05,-6.409476700209561174e-05,3.028739821741314752e-08,1.631894106658291478e-05,6.069850347665075880e-05,1.268934060639396192e-07
